Station,StartDate,EndDate,Average,Error,Number,Special
AH.ANQ,20070801,20231231,-0.1,0.7,843,
AH.BAS,20070801,20080502,8.6,3,64,E_N
AH.BAS,20080509,20100430,11.3,2.2,111,
AH.BAS,20100505,20130301,-6.1,1.6,117,E_N
AH.BAS,20130409,20180728,7.8,1.5,255,
AH.BAS,20180805,20231231,1.5,1.3,287,
AH.BEB,20070801,20080416,-7.5,3.3,53,E_N
AH.BEB,20080502,20100424,-6.6,3,100,
AH.BEB,20100430,20130301,-3.3,2.1,127,E_N
AH.BEB,20130406,20231231,0.2,0.8,582,
AH.CHZ,20070801,20080502,-8.6,1.9,55,E_N
AH.CHZ,20080509,20100424,-9.6,2.2,88,
AH.CHZ,20100430,20130301,-7.6,2.1,129,E_N
AH.CHZ,20130406,20231231,-1,0.7,551,
AH.DYN,20070826,20110406,66,0.9,232,
AH.DYN,20110418,20231231,-0.2,0.7,683,
AH.FZL,20070801,20080502,0.3,1.9,40,E_N
AH.FZL,20080509,20100908,0.2,2,130,
AH.FZL,20101025,20181224,-0.9,2.7,449,
AH.FZL,20190106,20231231,0.8,1.2,274,
AH.HBE,20070801,20120706,11.2,1,305,
AH.HBE,20120720,20130105,-31.7,2.7,32,
AH.HBE,20130128,20231231,0.4,0.7,616,
AH.HEF,20070801,20100110,-8.7,2.5,74,
AH.HEF,20100201,20231231,1.5,0.9,702,
AH.HNA,20070801,20080502,1.6,1.5,49,E_N
AH.HNA,20080509,20100509,1.6,1.6,102,
AH.HNA,20100527,20100804,1.3,2.7,20,E_N
AH.HNA,20100810,20231231,2.7,0.8,713,
AH.HSH,20070801,20080502,1.3,2,62,`-E_-N
AH.HSH,20080529,20100509,-179.6,1.8,100,
AH.HSH,20100527,20101229,43.3,2.5,35,E_-E
AH.HSH,20110331,20110725,-50.2,5.9,16,N_-N
AH.HSH,20110731,20130409,40.5,2.4,80,
AH.HSH,20130414,20231231,0.6,0.8,508,
AH.HUS,20070801,20231231,2,0.7,801,
AH.JAS,20070801,20091209,3.5,4.4,79,
AH.JAS,20100201,20231231,0.5,0.7,628,
AH.JIX,20070801,20231231,1.5,1,820,
AH.JZA,20070801,20080810,2.5,2.2,44,
AH.JZA,20080908,20100201,2.5,10,62,
AH.JZA,20100907,20110424,67.9,5.4,26,
AH.JZA,20110510,20150416,10,1.7,176,
AH.JZA,20150422,20150924,3,3.7,28,
AH.JZA,20160124,20160924,14.5,3.5,38,
AH.JZA,20161015,20231231,1,1.1,361,
AH.LAN,20070801,20090516,61.1,2.6,120,
AH.LAN,20090524,20130105,31.9,2.3,155,
AH.LAN,20130128,20231231,4.9,1.4,498,
AH.MAS,20070801,20080502,6,1.8,69,E_N
AH.MAS,20080519,20090818,5.8,1.4,72,
AH.MAS,20090902,20100509,13.6,1.9,49,
AH.MAS,20100527,20100810,14.1,3.4,16,E_N
AH.MAS,20100815,20150630,-4,3.7,99,
AH.MAS,20150710,20200226,-0.6,0.8,261,
AH.MCG,20090910,20100820,-5.3,1.9,38,E_N
AH.MCG,20100907,20101215,55.8,6.2,15,
AH.MCG,20101229,20110403,93.7,4.2,13,
AH.MCG,20110423,20231231,-0.5,0.6,711,
AH.SCH,20070801,20080502,0.7,3.2,44,E_N
AH.SCH,20080509,20100314,0.3,3.3,66,
AH.SCH,20100320,20101215,63.3,3.1,36,
AH.SCH,20101220,20120406,48.8,3.2,54,
AH.SCH,20120414,20130128,91.5,4,28,
AH.SCH,20130131,20231231,0.6,0.9,543,
AH.SIX,20070805,20080509,1,1.5,67,E_N
AH.SIX,20080520,20100509,0.7,1.1,141,
AH.SIX,20100527,20130830,-0.1,1.1,196,E_N
AH.SIX,20130831,20231231,-1.3,0.7,581,
AH.TOL,20070902,20080502,-3.2,2,59,E_N
AH.TOL,20080520,20100509,0.1,1.4,116,
AH.TOL,20100527,20100804,-0.9,4.6,14,E_N
AH.TOL,20100810,20120624,-0.9,2,66,
AH.TOL,20120720,20121008,-2.6,5.2,13,E_N
AH.TOL,20121012,20231231,1,0.6,567,
BJ.BBS,20070826,20231231,-0.7,1,602,
BJ.CIQ,20130206,20210419,-12.8,1.2,320,
BJ.DHC,20070801,20130228,-6.5,1.2,306,
BJ.DHC,20130301,20231231,-1.9,0.9,603,
BJ.FHY,20130416,20231007,-2.8,4.3,66,
BJ.LBG,20180123,20231231,1.8,1.4,317,
BJ.LBP,20070801,20100803,-4.6,1.3,113,
BJ.LBP,20100804,20130406,13.7,1.3,154,
BJ.LBP,20130409,20231231,1.3,1.2,593,
BJ.LLM,20070801,20160626,0.8,0.8,532,
BJ.LLM,20161218,20170515,2.3,4.1,24,
BJ.LLM,20180125,20231231,2,1,347,
BJ.LQS,20180126,20231231,2.2,1.2,299,
BJ.MDY,20180123,20231231,1.2,0.9,327,
BJ.MIY,20070801,20130406,-8.9,1.2,349,
BJ.MIY,20130409,20220604,0.8,1,481,
BJ.MIY,20220621,20231231,-13.6,4.2,85,
BJ.NKY,20070801,20130228,-14.4,1,289,
BJ.NKY,20130301,20231231,-0.3,0.8,613,
BJ.NSC,20180123,20231231,-15.6,1.1,289,
BJ.SFS,20171209,20231231,0.1,1,361,
BJ.SSL,20070801,20231231,0.2,0.5,811,
BJ.SZL,20171209,20231231,-3,1,325,
BJ.TST,20180123,20231231,-1,1.6,304,
BJ.XBZ,20090103,20111114,-12.8,1.5,144,
BJ.XBZ,20111128,20231231,2.3,0.6,665,
BJ.XIJ,20120411,20160812,49.1,1.9,59,
BJ.XIJ,20161208,20231231,131.2,2.6,79,
BJ.ZHT,20070801,20230726,3.2,0.6,865,
BJ.ZKD,20180123,20231231,9.5,1.1,329,
CQ.CHK,20071125,20100509,-1.7,1.7,139,
CQ.CHK,20100527,20130406,-6.4,1.2,165,
CQ.CHK,20130409,20230520,-2,1.2,370,
CQ.CHK,20230615,20231231,-22.9,3.3,34,
CQ.CHS,20070801,20071025,0.8,3.5,18,
CQ.CHS,20080411,20231231,-0.4,0.7,819,
CQ.CQT,20070801,20140311,4.7,1.3,366,E_N
CQ.CQT,20140327,20231231,-0.5,1,498,
CQ.FUL,20070927,20130401,-7.4,1,359,
CQ.FUL,20130406,20231231,-0.9,0.9,548,
CQ.HCB,20141107,20231231,-0.7,1.1,338,
CQ.QIJ,20070902,20231231,-0.8,0.7,874,
CQ.ROC,20070801,20130228,-13.7,0.7,405,
CQ.ROC,20130301,20231231,-0.8,0.6,533,
CQ.SHZ,20070801,20130228,173.6,1.2,338,
CQ.SHZ,20130301,20231231,-1.9,1.1,510,
CQ.WAS,20070801,20231231,-1.4,0.7,990,
CQ.WAZ,20070912,20100505,-0.4,1.3,177,E_N
CQ.WAZ,20100527,20231231,-0.4,0.9,669,
CQ.WUL,20070801,20231231,-2.2,0.7,924,
CQ.WUX,20071201,20231231,-0.1,0.9,743,
CQ.XIS,20141028,20231231,3.3,1.6,356,
CQ.YUB,20070801,20231231,-2.2,0.7,875,
FJ.DSXP,20070801,20231231,-0.1,0.8,815,
FJ.FDQY,20070801,20231231,-0.7,0.5,836,
FJ.FQDZ,20070801,20130406,-6.2,0.8,329,
FJ.FQDZ,20130409,20200512,1.4,0.7,351,
FJ.FQDZ,20200527,20231231,-16.1,1.3,174,
FJ.FZCM,20070801,20071002,2,3.5,14,
FJ.FZCM,20080825,20100527,2.7,1.6,99,
FJ.FZCM,20100609,20130310,7,1.2,162,
FJ.FZCM,20130406,20231231,1.3,0.8,493,
FJ.HAHF,20070801,20231231,-0.1,0.5,827,
FJ.HAJF,20070801,20231231,1.3,0.8,805,
FJ.LJTL,20070801,20130228,-13.4,1.1,305,
FJ.LJTL,20130301,20231231,4.1,0.8,520,
FJ.MQDQ,20070801,20231231,-0.8,0.4,893,
FJ.MXXF,20070801,20130507,-6.7,0.7,350,
FJ.MXXF,20130511,20151209,0.2,1.3,129,
FJ.MXXF,20151225,20171008,7.8,5.2,84,
FJ.MXXF,20171018,20231231,-0.4,0.9,290,
FJ.NDZW,20070801,20231231,0.6,0.6,891,
FJ.NPDK,20070801,20090902,-16.7,9.3,66,
FJ.NPDK,20090907,20130511,-10.1,0.8,224,
FJ.NPDK,20130519,20231231,-0.5,0.7,536,
FJ.PCNP,20070801,20110105,-1.7,1.1,225,
FJ.PCNP,20110109,20130511,0.3,4.3,131,
FJ.PCNP,20130519,20231231,-1.1,0.7,510,
FJ.PHSG,20070801,20080104,-12.3,3.5,25,
FJ.PHSG,20080105,20130605,-26.9,0.6,304,
FJ.PHSG,20130613,20231231,2.4,0.6,465,
FJ.PTAQ,20141101,20231231,2.2,1,366,
FJ.PTLC,20070801,20130301,0.1,1.2,297,
FJ.PTLC,20130831,20231231,3.2,0.8,506,
FJ.PTNR,20070801,20130414,-7,0.9,328,
FJ.PTNR,20130416,20231231,2.4,0.6,510,
FJ.QZH,20080520,20210620,0.8,0.5,694,
FJ.QZH,20220526,20231231,0.4,1.3,69,
FJ.SNQY,20070801,20130519,-7.5,0.6,361,
FJ.SNQY,20130523,20231231,-0.3,0.6,546,
FJ.SWDT,20070801,20160713,-1.4,0.6,505,
FJ.SWDT,20160720,20180728,-9.6,5.7,94,
FJ.SWDT,20180805,20231231,-0.8,0.9,258,
FJ.TNSC,20070801,20100702,54.2,1,195,
FJ.TNSC,20100710,20231231,3.7,0.8,645,
FJ.WYXF,20070801,20100710,-60.8,0.9,203,
FJ.WYXF,20100718,20110423,-6.1,1.7,46,
FJ.WYXF,20110510,20130507,-5.5,5.1,111,
FJ.WYXF,20130519,20160610,0.7,1.3,133,
FJ.WYXF,20160614,20171101,-6.2,7.1,59,
FJ.WYXF,20171104,20200818,25.2,1.7,136,
FJ.WYXF,20200915,20230105,-1.3,4.8,88,
FJ.WYXF,20230108,20231231,0.4,3.1,57,
FJ.XMSM,20090701,20141207,0.7,1.2,262,
FJ.XMSM,20150329,20180126,4.2,3,149,
FJ.XMSM,20180225,20180621,-175.7,6.4,15,
FJ.XMSM,20181110,20190514,4,2.1,28,
FJ.XMSM,20190519,20210306,5,5.4,93,
FJ.XMSM,20210316,20231231,3.1,1,125,
FJ.YAXT,20070801,20130507,5.8,0.7,341,
FJ.YAXT,20130511,20231231,2.2,0.8,445,
FJ.YAYX,20070801,20130519,-4,0.9,334,
FJ.YAYX,20130605,20231231,2.8,0.8,486,
FJ.YCSG,20091214,20130707,-4.7,1.2,184,
FJ.YCSG,20130721,20200915,2.8,0.7,353,
FJ.YCSG,20201001,20221111,6.2,7,67,
FJ.YCSG,20221118,20231231,5.9,3.9,50,
FJ.YDXS,20070801,20080525,-0.8,2.2,58,
FJ.YDXS,20080719,20091015,21.2,1.7,73,
FJ.YDXS,20091016,20231231,-0.3,0.6,671,
FJ.YTFQ,20150219,20231231,1.1,0.7,429,
FJ.YXBM,20070801,20090218,34.4,1.5,121,
FJ.YXBM,20090306,20091110,-3,2.6,45,
FJ.YXBM,20091117,20100804,-8.1,8.3,45,
FJ.YXBM,20100810,20130707,-1.4,1.3,150,
FJ.YXBM,20130721,20140704,6.4,8.2,51,
FJ.YXBM,20140705,20231231,1.1,0.5,463,
FJ.ZHNZ,20070801,20101008,4.1,1,217,
FJ.ZHNZ,20101025,20220509,5.7,1.9,567,
FJ.ZHNZ,20220519,20231231,3.7,3.1,86,
FJ.ZPYF,20150329,20190731,-61.5,1,208,
FJ.ZPYF,20190802,20231231,4,1.8,179,
GD.CHZ,20070801,20090907,2.3,1.5,101,
GD.CHZ,20091002,20110113,-6.7,7.2,42,
GD.CHZ,20110118,20231231,-1.4,0.6,544,
GD.DEQ,20141107,20231231,1.5,0.6,406,
GD.DGD,20070801,20140514,-11.3,1.1,295,
GD.DGD,20140515,20231231,-1.2,1,325,
GD.DNB,20070801,20231231,1.4,0.6,725,
GD.DOG,20070801,20080804,0.2,1.3,53,
GD.DOG,20080819,20121210,-8.7,0.9,193,
GD.DOG,20121215,20180621,1.6,0.8,256,
GD.DOG,20180707,20231231,-10.1,0.9,219,
GD.FES,20070801,20231231,-1.1,0.7,773,
GD.GAZ,20070801,20231231,1.1,0.5,583,
GD.GZH,20080213,20101202,0.1,0.7,148,
GD.GZH,20101220,20111227,29.3,6.9,43,
GD.GZH,20120109,20231231,-0.4,0.6,475,
GD.HEJ,20080606,20121207,-5.1,1.2,244,
GD.HEJ,20121210,20231231,-1,0.7,478,
GD.HUD,20070801,20180329,-1.1,3,155,
GD.HUD,20180504,20231231,-3.7,0.7,282,
GD.HUJ,20070801,20231231,0.4,0.5,897,
GD.HUZ,20070801,20231231,0.2,0.5,660,
GD.HYJ,20070801,20231231,1.7,0.6,853,
GD.JIX,20070801,20090706,-5.2,5,50,
GD.JIX,20090715,20120926,-95.5,1.3,143,
GD.JIX,20121008,20231231,-0.7,0.7,471,
GD.LCH,20070801,20231231,-1.1,0.5,812,
GD.LIP,20070801,20120720,-4.5,0.7,285,
GD.LIP,20121028,20231231,-1.2,0.5,552,
GD.LIZ,20070801,20150924,-0.8,2,206,
GD.LIZ,20151014,20231231,-0.5,0.6,432,
GD.LTK,20070801,20120914,13.7,0.9,253,
GD.LTK,20121008,20231231,-0.7,0.6,521,
GD.MEZ,20070801,20231231,-0.6,0.4,845,
GD.NAO,20070801,20120926,-26.9,1.7,193,
GD.NAO,20121008,20231231,0.6,0.6,540,
GD.NAP,20080606,20101110,-1.3,1.5,90,
GD.NAP,20101202,20110621,-32.5,1.8,19,
GD.NAP,20110624,20231231,0.6,0.9,400,
GD.NPD,20141107,20181231,-0.8,1,217,
GD.PUN,20070801,20201201,-0.5,0.6,569,
GD.PUN,20210103,20231108,-8.1,1.3,128,
GD.SCD,20070801,20231231,-1.2,0.5,720,
GD.SHD,20070801,20121207,9.6,1.2,189,
GD.SHD,20121210,20231231,0.3,0.8,331,
GD.SHG,20070801,20231231,-0.2,0.4,815,
GD.SHT,20070801,20231231,-0.4,0.5,817,
GD.SHW,20070801,20230109,-3.2,0.9,747,
GD.SHW,20230126,20230814,24.8,3.4,33,
GD.SHW,20230816,20231231,-0.5,2.9,22,
GD.SLG,20080606,20100222,5,1.6,100,
GD.SLG,20110616,20130519,-1.4,1.1,112,
GD.SLG,20131208,20140704,-131,2.4,31,
GD.SLG,20150430,20160208,-175.6,1.6,30,
GD.SLG,20200107,20210108,9.8,6.7,23,E_-E
GD.SLG,20210207,20231231,35.2,1,135,N_-N
GD.SZN,20080520,20231231,-3.2,0.4,801,
GD.TIS,20070801,20121119,-7.1,0.7,292,
GD.TIS,20121202,20231231,1.3,0.5,546,
GD.TIX,20070801,20120914,-10.5,1.3,210,
GD.TIX,20120926,20231231,-1.9,0.8,478,
GD.XFJ,20070801,20120819,12.4,0.9,258,
GD.XFJ,20120903,20190627,0.3,0.6,364,
GD.XFJ,20190704,20231231,16.2,0.9,189,
GD.XIG,20070801,20231231,0.8,0.6,746,
GD.XNH,20070801,20231231,-0.8,0.5,869,
GD.XNY,20080426,20230126,1.7,0.5,840,
GD.XNY,20230206,20231231,-17.4,1.5,57,
GD.YGC,20070801,20231231,-2.1,0.5,815,
GD.YGD,20070801,20231231,-1,0.7,644,
GD.YGJ,20070801,20231231,1,0.4,916,
GD.YGX,20070801,20080629,-10.1,7.9,29,
GD.YGX,20080719,20121020,-25,1.3,228,
GD.YGX,20121030,20231231,-5.1,0.8,544,
GD.YND,20070801,20101008,1.6,4.7,71,
GD.YND,20101025,20121112,6.5,1.3,94,
GD.YND,20121116,20231231,0.5,0.6,551,
GD.ZHH,20070801,20090418,-132.1,1.3,65,
GD.ZHH,20090516,20231231,-0.8,0.6,647,
GD.ZHJ,20070801,20080303,-2.1,2.9,14,
GD.ZHJ,20080409,20131025,-1.3,2.2,159,
GD.ZHJ,20131112,20151121,0.4,1,105,
GD.ZHJ,20160114,20161030,58.6,2.4,46,
GD.ZHJ,20161208,20231231,-0.5,0.7,364,
GD.ZHQ,20070801,20231231,0.5,0.6,839,
GD.ZHS,20070801,20231231,-0.8,0.7,648,
GD.ZIJ,20070801,20120819,-2.2,1.4,245,
GD.ZIJ,20120903,20231231,0.3,0.5,542,
GS.AXX,20070801,20231231,1.2,0.4,939,
GS.BYT,20070801,20111128,-7.1,1.3,280,
GS.BYT,20120206,20130511,-36.6,2.5,83,
GS.BYT,20130519,20231231,-1.9,0.8,581,
GS.CHM,20141126,20201030,1,1.1,287,
GS.CHM,20201115,20210920,-82,3,34,
GS.CHM,20210924,20231108,63,2.2,96,
GS.CHM,20231117,20231231,1.5,3.7,11,
GS.CXT,20070801,20210824,-1.4,0.8,674,
GS.CXT,20210920,20231101,-47.7,2.4,103,
GS.CXT,20231108,20231231,-31.5,2,18,
GS.DBT,20070801,20231231,10.8,1.3,859,
GS.DHT,20070801,20200717,0.6,1.4,616,
GS.DHT,20200722,20231113,63.9,2.9,130,
GS.DHT,20231117,20231231,1.6,5.2,11,
GS.GLT,20141126,20231231,-3.9,1,453,
GS.GTA,20070801,20231231,1.1,0.5,1032,
GS.HCH,20070801,20130507,10.6,0.9,301,
GS.HCH,20130511,20231231,-1.1,0.7,459,
GS.HJT,20070801,20110515,12.7,3.7,155,
GS.HJT,20110613,20130521,33.6,3.6,121,
GS.HJT,20130605,20231231,4.7,1.8,552,
GS.HNT,20070801,20231231,1,0.7,858,
GS.HXP,20070801,20190715,4,1,774,
GS.HXP,20190731,20191127,65.4,7.5,18,
GS.HXP,20191202,20231231,-1.7,1.8,227,
GS.HXT,20070801,20130420,-50.7,2.7,206,
GS.HXT,20130511,20231231,-1.8,1,484,
GS.HYS,20070801,20231231,6,1,806,
GS.HZT,20070801,20231231,-2.2,0.6,906,
GS.JFS,20070801,20201030,12.8,1.7,659,
GS.JFS,20201115,20231108,58.1,3.4,129,
GS.JFS,20231110,20231231,13.9,8.4,15,
GS.JNT,20070801,20130420,-88.4,1,295,
GS.JNT,20130423,20180910,1.2,1,270,
GS.JNT,20180918,20211002,-37.6,1.5,171,
GS.JNT,20211011,20231231,-1.9,1.5,128,
GS.JTA,20070801,20231231,3.1,0.7,883,
GS.JYG,20070801,20081122,9.2,3.7,72,E_N
GS.JYG,20081123,20231231,8.7,1.3,890,
GS.LQT,20141126,20231231,-1,1.8,435,
GS.LTT,20070801,20130521,8.3,1.4,351,
GS.LTT,20130605,20210818,1.5,2,358,
GS.LTT,20210920,20231124,28.1,2.5,115,
GS.LXA,20070801,20090816,0.5,1.3,132,
GS.LXA,20101223,20130616,60.3,1,188,
GS.LXA,20140327,20231231,-4.6,0.6,549,
GS.LYT,20070801,20110117,-10.4,2.5,147,
GS.LYT,20110126,20130726,-7.1,1.2,162,
GS.LYT,20130812,20150813,-2.7,1.3,97,
GS.LYT,20150815,20201117,-10.9,2.2,273,
GS.LYT,20201215,20231231,-1.8,1.7,163,
GS.LZH,20070801,20231231,-2.6,0.7,958,
GS.MIQ,20070801,20090404,-9.7,3.3,50,
GS.MIQ,20090415,20130521,-36.5,1.5,172,
GS.MIQ,20130605,20231231,2.8,1,432,
GS.MQT,20070801,20130616,-0.6,1.1,346,
GS.MQT,20130812,20180910,0.3,1.3,255,
GS.MQT,20181220,20231231,0.8,1.4,255,
GS.MXT,20070801,20130726,5.7,0.9,396,
GS.MXT,20130812,20190429,-1.9,1,299,
GS.MXT,20190503,20220316,-2,6.1,64,
GS.MXT,20220604,20231231,-1.5,1.9,87,
GS.NXT,20080603,20130420,-27.9,2.6,118,
GS.NXT,20130613,20230314,3.6,0.9,416,
GS.NXT,20230327,20231231,21.5,2.5,37,
GS.PLT,20070801,20231231,8.4,1.4,855,
GS.QTS,20070801,20200512,3.9,1.5,481,
GS.QTS,20200621,20231016,61.6,3.5,113,
GS.QTS,20231108,20231231,6.1,7.7,12,
GS.SBC,20070801,20200604,13.8,1.6,574,
GS.SBC,20200621,20231110,72,3.3,158,
GS.SBC,20231114,20231231,11.7,7.5,13,
GS.SDT,20070801,20231231,2.6,0.6,974,
GS.SGS,20070801,20210726,2.3,0.8,713,
GS.SGS,20210729,20231114,10.1,2.4,126,
GS.SGS,20231117,20231231,-1.2,2.4,13,
GS.SGT,20070801,20231231,4.7,1.1,899,
GS.SNT,20070801,20130210,13.1,2.2,394,
GS.SNT,20130214,20231231,8.7,2,578,
GS.TSS,20070801,20160217,-2,0.6,478,
GS.TSS,20160302,20160923,11.4,6.6,33,
GS.TSS,20161017,20231231,-2.2,0.7,385,
GS.WDT,20070801,20080715,-5.1,2.2,65,
GS.WDT,20080830,20130704,-22,1.1,314,
GS.WDT,20130706,20231231,-4.1,0.8,539,
GS.WSH,20070801,20190715,1.8,0.9,677,
GS.WSH,20200318,20231231,4.4,1.7,196,
GS.WXT,20070801,20231231,-0.9,0.7,945,
GS.WYT,20070801,20130613,1.4,1.2,337,
GS.WYT,20130812,20171008,-57.2,1.3,207,
GS.WYT,20171031,20231231,1.2,1.4,342,
GS.YDT,20070801,20190714,-6.8,1.1,711,
GS.YDT,20190715,20231231,2.4,2.6,239,
GS.YJZ,20070801,20200512,0.8,0.5,746,
GS.YJZ,20200527,20231108,59.1,1.5,170,
GS.YJZ,20231110,20231231,2.3,3.1,16,
GS.YWX,20070801,20200412,-0.5,0.7,492,
GS.YWX,20201001,20231231,-2.1,1.1,174,
GS.ZHC,20070801,20071125,-1.6,10,21,
GS.ZHC,20080715,20231231,2.5,0.6,745,
GS.ZHQ,20070801,20080120,-5.6,4.6,25,
GS.ZHQ,20080529,20100804,28.9,2,125,
GS.ZHQ,20111123,20130616,14.6,2.1,100,
GS.ZHQ,20130704,20220225,0.3,1.1,472,
GS.ZHQ,20220316,20231231,-6.6,2,104,
GS.ZHY,20070801,20130616,-9.8,1.4,313,
GS.ZHY,20130702,20231231,-3.2,0.9,556,
GX.BHS,20071120,20130721,-7.2,1.1,356,
GX.BHS,20130812,20231231,-2.2,0.9,496,
GX.BSS,20070801,20090707,9.2,1.6,95,
GX.BSS,20100804,20130616,-11.8,2,160,
GX.BSS,20130704,20231231,-0.2,1.3,419,
GX.CZS,20070801,20101229,-2.6,1.1,186,
GX.CZS,20110616,20231231,-1.1,0.6,514,
GX.DBX,20141207,20231231,0.6,0.8,411,
GX.DHX,20070801,20161229,-1.2,1.1,488,
GX.DHX,20170207,20231231,-1.4,1.3,284,
GX.DXS,20070801,20231231,-3.5,0.7,813,
GX.DXX,20070801,20231231,-1,0.5,937,
GX.GGS,20070801,20231231,0,0.5,890,
GX.GUL,20080520,20100430,10.4,4.5,119,
GX.GUL,20100505,20230220,2.9,0.9,674,
GX.GUL,20230223,20231023,93.1,3,41,
GX.GUL,20231029,20231231,-1.6,4.8,14,
GX.HCS,20070801,20150608,0,1.8,376,
GX.HCS,20150812,20231231,1.6,0.9,288,
GX.HZS,20070801,20231231,-0.9,0.8,872,
GX.LNS,20070801,20231231,-0.3,0.6,917,
GX.LST,20141107,20231231,3.3,0.6,453,
GX.NNS,20070801,20231231,-2.3,0.8,766,
GX.PGX,20070801,20230814,-3.3,0.8,573,
GX.PNX,20070801,20231231,0.4,0.6,766,
GX.PXS,20070801,20080214,-0.6,2.1,45,
GX.PXS,20080303,20091012,-0.7,1.5,104,E_-E
GX.PXS,20091013,20190804,-1.3,0.5,593,
GX.PXS,20190924,20211130,22.8,4.8,104,
GX.PXS,20211214,20231231,-0.5,1.2,105,
GX.QZS,20070801,20231231,0,0.8,683,
GX.QZX,20141107,20231231,0.4,0.6,432,
GX.RAX,20141028,20150416,26.6,5.8,13,
GX.RAX,20150417,20231231,3.8,1,422,
GX.TE,20070801,20180509,1,1.1,536,
GX.TE,20180706,20181220,33.3,6.8,16,
GX.TE,20190121,20190707,-170.1,3.7,28,
GX.TE,20190714,20231231,-1,1.8,170,
GX.WZD,20070801,20130613,179.3,1.5,191,
GX.WZD,20130615,20231231,-1.3,1.3,298,
GX.WZS,20070801,20231231,-0.6,0.9,694,
GX.XCT,20070801,20231231,0,0.8,656,
GX.XYD,20150123,20191021,-0.8,1.8,108,
GX.XYD,20200502,20231231,-0.5,2.2,93,
GX.YLS,20070801,20130507,10.3,0.6,383,
GX.YLS,20130511,20231231,-0.2,0.6,552,
GX.YTT,20070801,20130511,-10.4,1.1,346,
GX.YTT,20130518,20231231,-0.2,1,519,
GX.ZPX,20141107,20231231,2,0.6,414,
GZ.AST,20070801,20231231,-5.8,1.2,437,
GZ.BJT,20070801,20231231,5.4,1.1,700,
GZ.DJT,20080719,20110720,5.5,1.8,149,
GZ.DJT,20151020,20231231,3,1.2,352,
GZ.KLT,20170827,20231231,4.7,1.1,273,
GZ.LBT,20080106,20231231,1.1,0.8,522,
GZ.LDT,20080101,20151109,0.4,1.6,245,
GZ.LDT,20181109,20231231,2.5,1.5,223,
GZ.LPS,20130201,20130414,169.4,4.3,11,
GZ.LPS,20131201,20231231,1.5,1.5,385,
GZ.LPT,20101025,20110215,158,5.8,20,
GZ.LPT,20110616,20130420,179.2,2.9,82,
GZ.LPT,20130423,20231231,-3.2,2,308,
GZ.PXT,20150901,20190122,2.9,4,66,
GZ.PXT,20190212,20231231,11.5,2.3,190,
GZ.QLT,20180211,20190804,5.6,5.5,35,
GZ.QLT,20220428,20231231,-5.4,4.6,81,
GZ.WNT,20070801,20231231,3.3,1.1,730,
GZ.XYT,20080105,20100503,3.3,7.1,51,
GZ.XYT,20100908,20110423,178.4,4.7,29,
GZ.XYT,20121207,20190925,5.2,5.7,109,
GZ.XYT,20191114,20230611,8,2.6,128,
GZ.XYT,20230615,20231231,16.8,5.5,29,
GZ.YPT,20080409,20110326,66.5,2.8,94,
GZ.YPT,20110621,20130416,-0.2,2.1,84,
GZ.YPT,20190118,20231231,4.9,1.8,228,
GZ.ZFT,20080214,20100908,6.1,2.9,79,
GZ.ZFT,20110401,20130409,177.9,3,83,
GZ.ZFT,20130414,20231231,2.9,1.2,404,
GZ.ZYT,20080101,20080314,-3.3,4.7,12,
GZ.ZYT,20080322,20101008,-9.6,5.1,109,
GZ.ZYT,20101025,20111128,-2,4.7,73,
GZ.ZYT,20130130,20210318,4.4,4,257,
HA.DA,20070801,20090421,-40.2,2.4,110,
HA.DA,20090512,20130521,-51.3,1.6,238,
HA.DA,20130523,20231231,-3.9,0.8,546,
HA.HEB,20141126,20210710,0.5,0.9,311,
HA.HEB,20220201,20220420,-177.1,3.9,13,
HA.HEB,20220914,20231231,-0.5,2.2,49,
HA.HX,20100201,20120524,-13.1,1.8,125,
HA.HX,20120619,20130511,-26.6,2.6,57,
HA.HX,20130519,20231231,-2.7,0.9,529,
HA.JS,20070801,20110307,2.3,2.2,186,
HA.JS,20110310,20130511,-13.5,2.3,93,
HA.JS,20130519,20231231,2.3,1.4,479,
HA.JY,20070801,20110129,-7.5,1.2,252,
HA.JY,20110131,20130519,-14.2,1.6,131,
HA.JY,20130521,20231231,0.7,0.9,591,
HA.JZ,20070801,20231231,-2.8,0.7,895,
HA.LS,20070801,20231231,-3.6,0.6,916,
HA.LUS,20150123,20160406,13.3,3.1,52,
HA.LUS,20160428,20231231,0.2,0.9,345,
HA.LYN,20080519,20210514,-2.4,0.6,748,
HA.LYN,20210531,20220509,-1.4,2.2,53,N_-N
HA.LYN,20220526,20231231,-5.1,1.4,93,
HA.LZH,20090701,20231231,1.7,0.6,753,
HA.NY,20070801,20100618,1.7,1.1,189,E_N
HA.NY,20100815,20120428,0.6,2.2,66,
HA.NY,20120524,20140310,0.3,2.1,70,E_N
HA.NY,20140311,20160208,0.9,1.8,109,
HA.NY,20160212,20210303,9.3,1,274,
HA.NY,20210316,20231231,2.7,1.4,142,
HA.PDS,20070801,20231231,-0.9,0.7,903,
HA.SC,20070801,20180819,-0.2,0.8,619,
HA.SC,20180909,20190412,59.2,4.3,41,
HA.SC,20190423,20231231,1.4,1.6,224,
HA.SHS,20150430,20231207,-2,3.6,13,
HA.XX,20070801,20231231,-0.8,0.5,1009,
HA.XY,20070801,20231231,0.7,0.5,949,
HA.ZMD,20070801,20091108,-3.9,0.9,177,
HA.ZMD,20091117,20130416,28.5,1.1,204,
HA.ZMD,20130419,20231231,-1.6,0.7,519,
HB.DJI,20070801,20231231,-0.1,0.8,807,
HB.DWU,20070801,20130704,-15.6,1.4,263,
HB.DWU,20130706,20231231,-1.2,0.7,513,
HB.ENS,20091015,20100710,-21.3,7.1,27,
HB.ENS,20100718,20121008,-165.8,3.2,61,
HB.ENS,20121020,20231231,0.3,0.8,553,
HB.FXI,20070801,20231231,3.4,1.7,832,
HB.HFE,20070801,20231231,-3.6,0.6,890,
HB.HME,20070801,20090407,-11.9,2.5,95,
HB.HME,20090415,20111214,-0.1,2.3,114,
HB.HME,20120110,20130423,1.5,8.7,40,
HB.HME,20140321,20160620,-4.2,5.2,96,
HB.HME,20160630,20231231,-0.2,1.2,396,
HB.JGS,20141107,20200528,1.7,1.1,280,
HB.JGS,20200618,20231231,11.2,2.1,167,
HB.JME,20070801,20130426,-9.9,1.1,288,
HB.JME,20130511,20231231,-0.6,0.6,538,
HB.JYU,20070801,20231231,2.3,1.3,929,
HB.LCH,20070801,20140126,-3.4,1.6,337,
HB.LCH,20140203,20141121,-12,7.9,46,
HB.LCH,20141126,20231231,-1.4,1.1,420,
HB.MCH,20070801,20231231,-0.3,0.5,915,
HB.NZH,20070801,20231231,-0.9,1.1,792,
HB.SSH,20070801,20231231,0.4,0.9,799,
HB.SYA,20071226,20100320,-0.8,1.7,120,E_N
HB.SYA,20100612,20130928,-1.6,1.4,150,E_N
HB.SYA,20140311,20231231,-0.9,0.7,481,
HB.SZH,20070801,20231231,-2.6,0.6,973,
HB.WHA,20070801,20231231,2.8,1.2,429,
HB.WHN,20080519,20231231,-0.5,1.1,745,
HB.XFA,20070801,20130324,-6.3,1.2,339,
HB.XFA,20130406,20181224,-2.5,1.4,275,
HB.XFA,20190106,20190707,-15.1,3.8,29,
HB.XFA,20190714,20231231,-3.5,1.6,201,
HB.XNI,20070801,20090512,27.8,1.6,128,
HB.XNI,20090612,20231231,0.1,0.8,730,
HB.XSH,20070801,20210114,-4.7,1,729,
HB.XSH,20210121,20230911,-0.2,7.8,75,
HB.XSH,20231007,20231231,-0.8,7,18,
HB.YCH,20070801,20091117,-6.7,1.2,177,
HB.YCH,20091124,20130507,-9.4,3.9,189,
HB.YCH,20130511,20231231,-1.7,1.1,582,
HB.YDU,20070801,20111023,-2.2,1.9,246,
HB.YDU,20111128,20130511,42.4,4.6,59,
HB.YDU,20130519,20190115,-0.2,3.1,214,
HB.YDU,20190121,20200604,15.2,4.6,48,
HB.YDU,20200623,20230702,37.5,2.8,120,
HB.YDU,20230716,20231231,-5.2,8.5,15,
HB.YNX,20070801,20130511,8.7,0.9,313,
HB.YNX,20130519,20231231,-0.3,0.7,547,
HB.YXI,20070801,20231231,-0.6,0.7,794,
HB.ZHX,20070801,20231231,-1.7,0.7,860,
HB.ZSH,20070801,20211115,-2.2,0.9,739,
HB.ZSH,20211118,20230314,13.5,4.5,57,
HB.ZSH,20230321,20231231,-1.5,3.7,37,
HB.ZUX,20070801,20130615,-12.1,1.5,277,
HB.ZUX,20130702,20231231,-3,1.9,453,
HE.BDH,20171209,20231231,2.6,1.2,298,
HE.CHC,20090101,20130706,1.9,0.9,264,
HE.CHC,20131012,20160729,5.6,0.9,153,
HE.CHC,20160923,20231231,5.4,0.9,416,
HE.CHD,20090115,20231231,4.4,0.9,769,
HE.CLI,20070801,20231231,0.9,0.7,914,
HE.CSS,20150701,20231231,2.8,1,437,
HE.CXT,20070801,20231231,3.4,0.7,944,
HE.DOH,20171209,20231231,0.2,1,317,
HE.FEN,20090101,20210603,1.4,1.3,644,
HE.GAN,20090101,20090715,3.1,4,19,
HE.GAN,20100201,20231231,2.3,0.9,730,
HE.GUY,20180123,20231231,2.1,1.2,328,
HE.HBZ,20171209,20231231,3,1.2,332,
HE.HNS,20080520,20231231,1,0.6,942,
HE.HUA,20180123,20231231,4.6,1.2,254,
HE.JNX,20090101,20231231,2.5,0.6,797,
HE.KAB,20070801,20130801,8.4,1.1,307,
HE.KAB,20130812,20180504,2.6,1.1,224,
HE.KAB,20180509,20210603,15.6,1.1,162,
HE.KAB,20210710,20230726,-178.5,2,83,
HE.KAB,20230828,20231231,4.6,4.7,23,
HE.KUC,20090101,20231231,0,0.6,783,
HE.LAY,20180123,20231231,1.1,0.8,341,
HE.LIC,20070801,20080329,-0.4,2.4,66,
HE.LIC,20081107,20231231,-0.4,0.7,881,
HE.LOH,20070801,20100527,-13.9,1,168,
HE.LOH,20100612,20130707,-24.9,1.3,151,
HE.LOH,20130801,20231231,0.1,0.7,533,
HE.LUQ,20090101,20231231,2.8,0.9,704,
HE.LUX,20141126,20231231,2.1,0.8,438,
HE.QIL,20090211,20090701,14.1,6.4,11,
HE.QIL,20090707,20231231,1.7,0.7,704,
HE.QIX,20090211,20231231,0.1,0.7,716,
HE.QSP,20141126,20210729,2,0.8,338,
HE.QSP,20220114,20231231,1.1,1.1,118,
HE.SHC,20171209,20181010,2.5,2.5,47,
HE.SHC,20181016,20231231,15.1,2.9,296,
HE.SHY,20141207,20231231,6.1,1.7,396,
HE.SXT,20070801,20110220,-7.8,0.8,288,
HE.SXT,20110307,20231231,-1.2,0.4,710,
HE.TAS,20180123,20231231,2.7,1.2,323,
HE.TLK,20090101,20231231,2.1,0.6,851,
HE.WAT,20070801,20231231,0.2,0.6,1001,
HE.WAX,20180123,20231231,1.3,0.6,352,
HE.WEC,20070801,20120314,-18.9,1.5,245,
HE.WEC,20120320,20231231,-1.8,1,651,
HE.XIL,20090101,20231231,2.1,0.8,849,
HE.XIT,20090101,20231231,1.7,0.5,762,
HE.XLD,20090101,20231231,1.6,0.9,855,
HE.XTT,20070801,20231231,2.5,0.8,920,
HE.XUH,20180123,20231231,5.3,1.3,289,
HE.YAY,20090101,20231231,-0.5,0.6,822,
HE.YIX,20120109,20231231,3.4,1.2,476,
HE.YON,20070801,20110220,12,1.3,235,
HE.YON,20110307,20231231,1.9,0.8,709,
HE.YUS,20090101,20231231,3,0.9,804,
HE.YUX,20141126,20231231,4,0.7,504,
HE.ZAH,20090101,20231231,2.4,0.8,770,
HE.ZHB,20090103,20090222,-172.3,7.9,11,
HE.ZHB,20090701,20231231,1.8,0.8,766,
HE.ZHL,20180123,20231231,2.1,1.2,310,
HE.ZHX,20130208,20230321,-127.2,3.4,13,
HE.ZJK,20090106,20120110,-7.3,1.1,159,
HE.ZJK,20120202,20231231,0.2,0.6,645,
HE.ZUH,20180123,20230726,178.5,1,287,
HE.ZUH,20230828,20231231,-0.1,3.5,32,
HI.BSH,20070801,20231231,-4.2,0.6,858,
HI.BSL,20070801,20220910,1.2,0.5,698,
HI.BSL,20230108,20230527,3.1,2,27,
HI.BSL,20230611,20231231,-119.5,4.5,33,
HI.CHM,20070801,20231231,0.7,0.7,757,
HI.DAN,20070801,20150916,-0.1,0.7,357,
HI.DAN,20160114,20231231,-1.1,0.6,405,
HI.DOF,20070801,20231231,1.2,0.7,663,
HI.HSK,20080715,20130206,-6.8,3.6,41,
HI.HSK,20161111,20200618,2.7,3.1,28,
HI.JFL,20090101,20231231,6,0.8,725,
HI.JUS,20141206,20211015,-1.1,1.2,330,
HI.JUS,20211111,20231231,10.5,1.3,112,
HI.LIG,20150123,20231231,0.6,1.4,343,
HI.LSH,20070801,20201107,-0.9,0.7,668,
HI.LSH,20201229,20211015,-3.4,1.8,50,E_N
HI.LSH,20211114,20231231,-1.9,1.2,110,
HI.NAD,20070801,20231231,0.4,0.6,871,
HI.QIH,20070801,20231231,-0.9,0.6,812,
HI.QSL,20070801,20100109,-0.8,2.3,112,E_-E
HI.QSL,20100201,20231231,-2.1,0.6,582,
HI.QXL,20070801,20231231,-1.4,0.6,720,
HI.QZN,20101123,20231231,1.5,0.4,767,
HI.SAJ,20070801,20101229,2.6,1.4,156,
HI.SAJ,20110109,20120421,48.3,2.5,39,
HI.SAJ,20141107,20231231,1.4,1.1,287,
HI.SAY,20070801,20231231,1.7,0.8,864,
HI.SHP,20070801,20231231,2.2,1.2,490,
HI.SLL,20070801,20171212,4.3,1.1,476,
HI.SLL,20181109,20190927,-0.3,2.2,45,
HI.SLL,20200119,20210111,8.2,5.9,18,
HI.SLL,20210207,20231231,1.8,1.9,147,
HI.WAN,20070801,20231231,-2.5,0.6,816,
HI.WET,20070801,20231231,-0.4,0.6,702,
HI.WZS,20070801,20110307,-6.8,1.1,163,
HI.WZS,20110309,20111023,-0.7,2.4,52,
HI.WZS,20111123,20130324,-7.5,2,63,
HI.WZS,20130401,20180816,0.2,1,265,
HI.WZS,20180829,20181224,18.3,3.3,19,
HI.WZS,20190115,20200621,-7,2,64,
HI.WZS,20200706,20220331,159.9,8.8,52,
HI.WZS,20220428,20231231,1.8,1.3,83,
HI.XSA,20080613,20231231,-3.6,1.1,299,
HI.YML,20070801,20190519,-4,2.4,89,
HL.BAQ,20070801,20200722,0.5,0.9,770,
HL.BAQ,20200728,20231231,-29.6,1.6,199,
HL.BEL,20070801,20130507,-15.4,1.5,292,
HL.BEL,20130511,20231231,-2.1,1.2,384,
HL.BJS,20080120,20110307,39.7,2.5,51,
HL.BJS,20120831,20181130,60.8,2.7,65,
HL.BJS,20190925,20231231,69.5,1.7,163,
HL.BNX,20090830,20120610,21.7,2,133,
HL.BNX,20120623,20131016,-0.1,1.9,77,
HL.BNX,20131102,20141107,-28.9,2.2,51,
HL.BNX,20141115,20231231,-1,0.6,448,
HL.DNI,20070801,20130507,-21.9,1,305,
HL.DNI,20130511,20220621,0.6,0.7,463,
HL.DNI,20220701,20231231,178.4,1.4,94,
HL.FUY,20070801,20100818,179.4,2.2,114,
HL.FUY,20100908,20130707,-3.9,1.6,136,
HL.FUY,20130801,20220604,-17,0.9,431,
HL.FUY,20220621,20231231,-6.2,1.6,87,
HL.HEG,20070801,20081006,-0.9,1.5,110,E_-E
HL.HEG,20081019,20231231,-0.8,0.7,890,
HL.HEH,20080520,20231231,1.5,0.6,856,
HL.HHL,20081116,20110624,-28.6,1.4,134,
HL.HHL,20130915,20231231,-3.1,0.9,480,
HL.JGD,20070801,20130801,7.5,1.1,367,
HL.JGD,20130812,20231231,1.7,0.8,517,
HL.JIY,20070801,20120914,-10,1.5,250,
HL.JIY,20120925,20180910,-2.5,1.5,269,
HL.JIY,20181130,20231231,59.4,1.7,223,
HL.JMS,20070801,20100509,152.6,2.1,166,
HL.JMS,20100527,20110307,-147.3,4,48,
HL.JMS,20110317,20110909,-55.7,4.7,25,E_-E
HL.JMS,20120109,20220409,2.1,1.1,535,
HL.JMS,20220413,20231231,47.5,3,98,
HL.LBE,20070801,20231231,1,0.7,834,
HL.LIH,20070801,20130507,-49.4,0.9,365,
HL.LIH,20130511,20231231,5.3,0.7,591,
HL.MDJ,20080220,20231231,0.3,0.9,962,
HL.MIH,20070801,20231231,-0.4,0.7,982,
HL.MOH,20070801,20130416,-11.8,1.1,232,
HL.MOH,20131119,20231231,1,0.5,521,
HL.NEH,20070801,20231231,-1.8,1,532,
HL.NZN,20070801,20231231,0,0.5,918,
HL.QAN,20070801,20120202,25.4,1.7,224,
HL.QAN,20120320,20130416,-32.3,3.1,51,
HL.QAN,20130511,20210818,-2.3,1.1,287,
HL.QAN,20210924,20231231,12.5,1.7,117,
HL.QTH,20070801,20081102,-8.5,2.1,70,
HL.QTH,20100527,20120524,22.9,1.9,102,
HL.QTH,20121008,20160428,-0.9,1.4,159,
HL.QTH,20160520,20190929,56.3,1.5,145,
HL.QTH,20191114,20231231,-2.6,1.2,214,
HL.SHZ,20070801,20130511,-8.4,1.1,232,
HL.SHZ,20130523,20170720,-0.5,1.2,165,
HL.SHZ,20171018,20200818,-10.8,2.6,139,
HL.SHZ,20201001,20210407,42.6,4.6,17,
HL.SHZ,20220409,20230223,-3.3,1.9,13,
HL.SYS,20070801,20071213,4.2,3.3,34,
HL.SYS,20080428,20130523,7.8,1.3,309,
HL.SYS,20130605,20220604,-1.9,1,491,
HL.SYS,20220621,20231231,-12.6,2,86,
HL.TAH,20070801,20120905,-9.1,1,298,
HL.TAH,20120925,20150718,-0.1,1.4,125,
HL.TAH,20150729,20161208,-26.8,6.6,16,
HL.TAH,20170103,20171212,-5.4,7.1,30,
HL.TAH,20180111,20231231,-3.5,0.8,326,
HL.TOH,20070801,20130523,-5.9,1.1,364,
HL.TOH,20130605,20190402,-1,1.2,280,
HL.TOH,20190412,20221204,-8.6,1.6,181,
HL.TOH,20230108,20231231,-3,2.5,64,
HL.TOJ,20141126,20231231,1.2,0.7,429,
HL.WAK,20150416,20230223,-2.5,1.1,264,
HL.WDL,20070801,20231231,-0.8,0.6,933,
HL.WUC,20070801,20130511,-10.8,1,340,
HL.WUC,20130523,20231231,-1,0.8,541,
HL.XUK,20070801,20080419,-8.7,2.1,37,
HL.XUK,20080628,20120623,170.1,1.1,211,
HL.XUK,20120629,20231231,-1,0.7,582,
HL.YAS,20070801,20231231,0,0.6,928,
HL.YCH,20070801,20231231,0.2,0.7,742,
HL.YIL,20070801,20081206,-5.7,3.2,79,
HL.YIL,20090119,20121020,-7,1.2,233,
HL.YIL,20121028,20231231,-1.8,0.9,608,
HN.CHL,20070801,20090910,2.3,1.2,148,
HN.CHL,20100410,20231231,0.3,0.7,591,
HN.CHZ,20070801,20231231,2.3,0.8,601,
HN.CNS,20080520,20231231,-2.3,0.6,795,
HN.HEY,20070801,20121221,-7.8,1.1,307,
HN.HEY,20130105,20151117,-3.4,1.8,145,
HN.HEY,20151118,20210530,-14.6,1.3,263,
HN.HEY,20210620,20231231,-1.2,1.5,121,
HN.HOJ,20080606,20231231,1.2,0.9,794,
HN.JGS,20200318,20211011,97.8,4.6,20,
HN.JGS,20230302,20231127,-3.2,4.8,29,
HN.JIS,20080428,20090929,2.2,2.8,83,`-E_-N
HN.JIS,20090930,20130928,2.6,1.5,240,
HN.JIS,20150219,20231231,1.9,1.6,455,
HN.LIY,20150218,20231231,-0.8,1,316,
HN.LOD,20070801,20140507,-7.5,1,233,
HN.LOD,20140514,20160713,-6,2.4,41,
HN.LOD,20200209,20231231,-0.9,2.1,111,
HN.MIL,20080606,20131201,167.7,0.9,294,
HN.MIL,20140101,20140703,-146.3,2.1,17,
HN.MIL,20140719,20190122,48.3,9.5,132,
HN.MIL,20190202,20230304,9.2,1.3,191,
HN.MIL,20230314,20231231,0.1,3.2,50,
HN.NIX,20070801,20121221,-5.3,0.7,327,
HN.NIX,20130105,20231231,-0.2,0.7,551,
HN.SHY,20080606,20231231,-0.3,0.5,731,
HN.TAY,20070801,20140623,-148.3,1.1,315,
HN.TAY,20140704,20150529,178.1,2.9,42,
HN.TAY,20190924,20200722,-65.3,5.4,40,
HN.TAY,20200805,20230314,-168.4,2.4,105,
HN.TAY,20230321,20231231,7.3,2.7,50,
HN.YIY,20070801,20200512,0.8,0.7,598,
HN.YIY,20200812,20210620,-0.9,2.7,38,
HN.YIY,20210726,20230908,178.4,1.4,98,
HN.YIY,20231011,20231231,-4.3,6.8,16,
HN.YOZ,20070801,20231231,0.6,0.7,852,
HN.ZJJ,20070801,20231231,2.1,1.7,477,
JL.BCT,20070801,20100721,111.8,1.2,190,
JL.BCT,20100722,20130416,-10.6,1.3,127,
JL.BCT,20130423,20141126,0.1,1.7,70,
JL.BCT,20141221,20181010,8.6,1.2,178,
JL.BCT,20181016,20231231,-1.2,1.1,268,
JL.BST,20080120,20120629,-8,1,286,
JL.BST,20120725,20130409,-38.9,3.2,42,
JL.BST,20130414,20191202,-0.9,0.8,340,
JL.BST,20200502,20231108,20.7,2.4,151,
JL.BST,20231110,20231231,9.2,5.8,12,
JL.CBS,20070801,20110515,-11.9,2,184,
JL.CBS,20110613,20150924,-2.2,1.9,179,
JL.CBS,20151020,20201117,178.3,2.2,165,
JL.CBS,20201201,20231231,-2.5,2.8,103,
JL.CBT,20070801,20130409,-99,1,300,
JL.CBT,20130414,20210818,-1.1,0.8,372,
JL.CBT,20210831,20220404,-11.9,2.1,36,
JL.CBT,20220909,20230726,-0.6,1.5,51,
JL.CBT,20230828,20231231,-26.3,2,33,
JL.CN2,20080519,20120905,-6.7,1.6,200,
JL.CN2,20120908,20231231,0.9,0.8,519,
JL.DHT,20070801,20080804,178.6,1.7,76,
JL.DHT,20080810,20231231,-1.1,0.6,843,
JL.FMT,20070801,20231231,-1.9,0.8,859,
JL.FST,20070801,20130426,-5.1,1,312,
JL.FST,20130523,20231231,-1.6,0.8,494,
JL.HCT,20070801,20070930,33.6,2.4,22,
JL.HCT,20071002,20090306,2.3,1.9,102,
JL.HCT,20090316,20100305,177.5,4.1,59,
JL.HCT,20100314,20150417,1.2,0.9,277,
JL.HCT,20150507,20170515,-58.7,1.9,94,
JL.HCT,20170529,20190824,-87.4,1.9,109,
JL.HCT,20190925,20230616,-58.1,1.3,200,
JL.HCT,20230617,20231231,-0.6,2.4,36,
JL.HST,20070801,20100624,-79.9,1.5,199,
JL.HST,20100626,20130414,-13.1,1.8,132,
JL.HST,20130416,20231231,-1.1,0.9,517,
JL.JCT,20070801,20080608,111.6,2.7,70,
JL.JCT,20080626,20110624,-15.3,1.4,189,
JL.JCT,20110626,20130409,-25.5,2.5,80,
JL.JCT,20130414,20140806,-0.6,2.4,66,
JL.JCT,20141107,20231231,-60.4,1,461,
JL.JYT,20080120,20091024,-1.9,1.7,111,
JL.JYT,20091029,20120706,-62.6,1.3,146,
JL.JYT,20120905,20231231,1.8,0.7,569,
JL.LHT,20070801,20120421,179.6,1,296,
JL.LHT,20140101,20231231,-2.8,0.8,562,
JL.LJT,20141126,20190929,-3.1,1.6,190,
JL.LJT,20191016,20231231,-10.4,2.1,132,
JL.LYT,20070801,20100720,115.6,1.1,206,
JL.LYT,20100803,20190802,-4.6,1,476,
JL.LYT,20190824,20200818,-5.9,9.7,53,
JL.LYT,20201019,20231231,-1.8,1.5,179,
JL.MJT,20070801,20080606,-57.4,2.8,76,
JL.MJT,20080626,20120831,-17.3,1.5,210,
JL.MJT,20120903,20170602,-1.3,1.1,264,
JL.MJT,20170713,20201215,176.1,3.9,121,
JL.MJT,20210103,20231231,0.2,2.1,185,
JL.PST,20070801,20100626,-155,1.2,213,
JL.PST,20100702,20130409,174.4,1.3,151,
JL.PST,20130414,20190802,-0.8,1.2,336,
JL.PST,20190925,20210803,30.3,2.2,102,
JL.PST,20210811,20220711,37.6,8.1,53,N_-N
JL.PST,20220814,20231231,-2.5,1.8,85,
JL.SGT,20070801,20110613,-22.9,6.6,84,
JL.SGT,20110624,20221123,0.7,2.2,271,
JL.SGT,20230108,20231117,123,3.1,38,
JL.SPT,20070801,20100722,-94.7,1.3,211,
JL.SPT,20100803,20231231,-2,0.7,683,
JL.SYZT,20070801,20100616,-86.7,1.3,204,
JL.SYZT,20100624,20130310,-21.5,1.8,133,
JL.SYZT,20130406,20231231,-0.8,0.9,520,
JL.THT,20070801,20231231,0.1,0.6,1009,
JL.WQT,20141126,20160824,-1,2.7,53,
JL.WQT,20160914,20180126,-177.3,2.7,42,
JL.WQT,20180225,20190802,-1.8,1.5,91,
JL.WQT,20190925,20201008,166.7,2.7,49,
JL.WQT,20201019,20220711,-14.6,1.8,102,
JL.WQT,20220814,20221228,-5.8,2.7,15,
JL.WQT,20230108,20231231,-97.3,9.8,51,
JL.YFT,20070801,20100820,-14.4,1.9,228,
JL.YFT,20100908,20150407,-4.8,1.7,235,
JL.YFT,20150416,20231231,-60.6,1,487,
JL.YNB,20070801,20231231,-3.1,0.5,987,
JL.YST,20070808,20130707,2.5,4.3,65,E_N
JL.YST,20130928,20231231,-0.3,0.9,506,
JS.BY,20080130,20210401,0.4,2.3,176,
JS.CS,20070801,20231231,-2.9,0.6,913,
JS.CZ,20070801,20080419,29.8,3.1,40,
JS.CZ,20081121,20120914,-150.4,1,220,
JS.CZ,20121008,20130721,-177.3,2.2,59,
JS.CZ,20130801,20231231,-0.2,0.8,543,
JS.DH,20070901,20231231,0.9,0.7,833,
JS.GAY,20070901,20231231,-0.6,0.5,725,
JS.GC,20070901,20231231,-1.2,0.7,812,
JS.GUY,20070901,20090623,2.4,1.9,106,
JS.GUY,20090802,20131016,10.2,1.4,233,
JS.GUY,20131102,20231231,-0.3,0.9,509,
JS.GY,20160720,20230615,-61.2,6.3,13,
JS.HA,20070912,20120321,124.5,1.6,178,
JS.HA,20130924,20230615,-46.3,9.6,15,
JS.HUA,20070901,20081122,-14.8,2.1,70,
JS.HUA,20081129,20101225,-21.1,8.3,44,
JS.HUA,20110113,20180126,-12.8,1.3,246,
JS.HUA,20181109,20231231,51.4,1,265,
JS.JJ,20070901,20091001,83.8,1.9,144,
JS.JJ,20091022,20130816,63.9,1.5,208,
JS.JJ,20130830,20160905,0.2,1.5,158,
JS.JJ,20161015,20231114,-28.8,1.7,327,
JS.JT,20070901,20140207,-10.4,1.2,306,
JS.JT,20140212,20180509,-1.7,1.6,150,
JS.JT,20180621,20180829,-61.1,9.6,10,
JS.JT,20180910,20231231,-2.5,1.5,151,
JS.KS,20070901,20130816,-98.2,1.7,233,
JS.KS,20130830,20231231,-2.7,1,461,
JS.LAS,20071101,20130301,-95.7,1,207,
JS.LAS,20181109,20231231,-124.3,2.6,135,
JS.LH,20071015,20231231,0.6,0.9,637,
JS.LIS,20070901,20131201,-14.6,1,279,
JS.LIS,20140101,20231231,1.6,0.7,464,
JS.LY,20070801,20100626,-1.1,1.6,156,
JS.LY,20100702,20130105,56,1.4,137,
JS.LY,20130801,20140725,-86.1,2.4,49,
JS.LY,20150123,20231231,-3.6,1,494,
JS.LYG,20070912,20080719,-22.8,1.6,69,E_N
JS.LYG,20090415,20101025,-20.3,1.5,84,
JS.LYG,20101103,20131123,-10.2,1.1,156,
JS.LYG,20131201,20231231,-0.5,0.6,520,
JS.NJ2,20080519,20231231,1.5,0.7,775,
JS.NT,20070901,20100908,158.3,1.2,211,
JS.NT,20110113,20130702,173.9,1.8,132,
JS.NT,20151117,20160725,-49.6,2.6,45,
JS.NT,20160924,20181025,-13.9,1.9,91,
JS.NT,20181223,20231231,15.4,1.7,225,
JS.PX,20070901,20180928,5.2,1.2,479,
JS.PX,20181022,20231231,-47.9,1.3,236,
JS.PZ,20080220,20130523,11.1,1.2,292,
JS.PZ,20130613,20231231,-0.9,0.8,457,
JS.QD,20080529,20110725,-98.6,2.4,118,
JS.QD,20151121,20231231,5.4,0.9,419,
JS.QSD,20071209,20080606,-1.6,2.5,34,
JS.QSD,20090802,20091223,-1.4,6.3,28,
JS.QSD,20100102,20231108,-1.3,1.2,309,
JS.RD,20070901,20111114,-117.7,1.3,155,
JS.RD,20151118,20231231,-30.2,1,378,
JS.SH,20070901,20090623,-6.6,1.9,126,
JS.SH,20090816,20130523,-46,1.5,189,
JS.SH,20130613,20211118,-2.9,1.2,344,
JS.SQ,20090115,20130812,-8.5,1.6,215,
JS.SQ,20130830,20191123,-3.3,1.5,236,
JS.SQ,20191124,20210831,27,2.1,88,
JS.SQ,20210907,20231231,-3.6,2.3,111,
JS.TZ,20080318,20111114,169.5,2.8,39,
JS.TZ,20151207,20231231,-3.2,3,61,
JS.WX,20070901,20231231,0.2,0.4,928,
JS.XIY,20070901,20090212,-1.5,2.2,97,
JS.XIY,20090222,20130605,-64.2,1.3,258,
JS.XIY,20130613,20140413,-1.3,4.3,35,
JS.XIY,20140418,20151118,-59.9,2.1,83,
JS.XIY,20151204,20231231,0.5,1.2,350,
JS.XW,20070901,20210514,-1.1,0.8,697,
JS.XY,20070901,20080719,11.1,2.6,53,
JS.XY,20080819,20231231,1.8,0.8,656,
JS.XZ,20070901,20130523,5.9,0.6,386,
JS.XZ,20130605,20231231,1.8,0.7,513,
JS.YC,20080603,20130726,154.7,4.7,53,
JS.YC,20151207,20200722,-138.7,4.3,35,
JS.YC,20201030,20231231,-12,7.4,10,
JS.YGD,20150520,20231231,-19.2,2.4,206,
JS.YX,20070901,20081122,31,3,58,
JS.YX,20141116,20190320,-11.8,0.9,188,
JS.YX,20190328,20200915,-18.6,1.4,75,
JS.YX,20201019,20231231,-0.8,2.2,124,
JS.ZJ,20070801,20131201,-10.8,0.9,393,
JS.ZJ,20140101,20170713,-3.4,1,193,
JS.ZJ,20170717,20231114,9.8,0.9,323,
JX.ANY,20070801,20130128,16.6,0.9,267,
JX.ANY,20130130,20231231,-0.5,0.6,510,
JX.DAY,20070801,20121221,-12.2,1.7,163,
JX.DAY,20130105,20231231,-0.8,0.6,460,
JX.DUC,20070801,20231231,-0.7,1.2,577,
JX.FEC,20070801,20231231,0.2,0.6,817,
JX.GAA,20070801,20080719,2.4,1.9,69,
JX.GAA,20081224,20121116,-116.8,1.5,157,
JX.GAA,20121210,20231231,1.1,1,469,
JX.GAZ,20070801,20230702,0.5,0.6,713,
JX.GAZ,20230716,20231231,62.2,2.3,26,
JX.HUC,20070801,20231231,0.8,0.5,793,
JX.JDZ,20070801,20231231,0.4,0.7,816,
JX.JGS,20070801,20230316,4.6,0.6,875,
JX.JGS,20230321,20231023,64,2.2,33,
JX.JGS,20231029,20231231,-4.9,6.1,13,
JX.JIA,20070801,20211214,0.3,0.6,716,
JX.JIA,20211229,20231023,59.6,1.1,91,
JX.JIA,20231029,20231231,-1.2,1.8,12,
JX.JIJ,20070801,20220213,1,0.5,821,
JX.JIJ,20220225,20231015,-178.1,1.6,84,
JX.JIJ,20231016,20231231,-3.4,2.8,16,
JX.JIX,20070801,20231231,-1,0.6,733,
JX.LEA,20070801,20180228,-1,2.7,186,
JX.LEA,20180324,20211229,-1.2,1.3,170,
JX.LEA,20220110,20230524,59.4,1.3,69,
JX.LEA,20230615,20231231,-4.8,2.4,31,
JX.LON,20070801,20091209,3,2.2,68,
JX.LON,20100103,20210824,1.9,0.7,452,
JX.LON,20210920,20211214,-21.4,3.1,13,
JX.LON,20211229,20231231,2.7,1.5,100,
JX.NAC,20070801,20210818,0.6,0.6,659,
JX.NAC,20210920,20230908,169.6,1.8,84,
JX.NAC,20230928,20231231,1.2,2.9,17,
JX.NNC,20071122,20081005,-4.6,2.4,57,
JX.NNC,20100314,20210920,3.2,0.6,607,
JX.NNC,20211229,20220823,-179.1,3,33,
JX.NNC,20220829,20231231,0.7,1.7,74,
JX.SHC,20070901,20111214,2.3,3,102,
JX.SHC,20120110,20230524,-3.7,0.7,530,
JX.SHC,20230615,20231231,-0.8,2.8,28,E_-E
JX.SHR,20070801,20231231,0.5,0.5,855,
JX.WAA,20070801,20231231,0.9,0.5,704,
JX.XIG,20150218,20231231,0,0.5,394,
JX.XIS,20070801,20231231,1.6,0.6,903,
JX.XUW,20070801,20130511,0.4,0.9,262,
JX.XUW,20130521,20210620,22.4,0.9,309,
JX.XUW,20210920,20231231,-2,1.1,110,
JX.YIC,20070801,20231231,0.1,0.8,753,
JX.YOX,20070801,20231231,2.2,0.7,786,
JX.YUG,20070801,20231231,1.4,0.7,741,
LN.ANS,20070801,20100720,17.2,1.8,201,
LN.ANS,20100721,20130310,9.1,2.4,139,
LN.ANS,20130406,20231231,-1.5,1.2,534,
LN.BEP,20070801,20231231,-1.7,0.8,938,
LN.BXI,20070801,20231231,-4.5,0.7,721,
LN.BZH,20070801,20231231,0.7,0.7,964,
LN.CHY,20070801,20091128,178.9,2.4,150,
LN.CHY,20100320,20231231,1.6,0.8,670,
LN.DDO,20070801,20231231,-0.4,0.6,1004,
LN.DL2,20080519,20231231,1.2,0.5,896,
LN.DLD,20141107,20180509,1.8,1.4,149,
LN.DLD,20180621,20230726,1.6,2.8,255,
LN.DLD,20230828,20231231,0.2,2.8,29,
LN.FKU,20070801,20231231,1.3,0.8,898,
LN.FSH,20070801,20130210,-19.8,0.9,373,
LN.FSH,20130216,20231231,-1.1,0.8,573,
LN.FXI,20070801,20181205,-0.2,0.6,592,
LN.FXI,20181216,20220225,176.3,1.2,184,
LN.FXI,20220319,20231231,-1.4,1.4,104,
LN.GAX,20070801,20080502,1.4,1.8,81,
LN.GAX,20080509,20130310,-81,1,308,
LN.GAX,20130406,20131015,179.6,2.5,37,
LN.GAX,20131016,20231231,-0.4,0.8,585,
LN.GUS,20070801,20231231,-3.8,0.6,948,
LN.HSH,20070801,20231231,-0.7,0.7,686,
LN.HUR,20070801,20130310,12.4,1.1,387,
LN.HUR,20130324,20231231,-0.2,0.9,607,
LN.HXQ,20070801,20231231,0,0.7,899,
LN.JCA,20070801,20231231,2.1,0.7,926,
LN.JHD,20141107,20201115,0.6,1.5,217,
LN.JHD,20210108,20221118,0.6,4.2,29,E_N
LN.JIP,20141028,20231231,-0.1,0.9,432,
LN.JZH,20070801,20130310,-5,0.7,369,
LN.JZH,20130406,20231231,-0.6,0.5,564,
LN.KDN,20070801,20231231,-1.3,0.5,1021,
LN.LHT,20070801,20231231,1.3,0.9,644,
LN.LYA,20070801,20130105,15.7,0.6,380,
LN.LYA,20130130,20231231,0.2,0.7,563,
LN.LYN,20070801,20140705,-5.1,1.4,356,
LN.LYN,20141107,20210410,33.5,1.5,343,
LN.LYN,20210419,20231231,-4.4,2.1,154,
LN.MQI,20070801,20121221,-5.9,1,374,
LN.MQI,20130105,20231231,-0.2,0.8,604,
LN.NAP,20070801,20130216,7.1,0.7,334,
LN.NAP,20130310,20150612,1,1.2,116,
LN.NAP,20170813,20200326,8,1,154,
LN.NAP,20200425,20231231,0.2,0.9,205,
LN.QYU,20070801,20130105,-17,3,142,
LN.QYU,20130128,20231231,-1.1,2.1,523,
LN.SHS,20070801,20150612,-0.3,1.6,326,
LN.SHS,20150630,20231231,-0.9,0.7,468,
LN.SNY,20070801,20231231,-0.8,0.8,977,
LN.SUZ,20100624,20111023,160.9,2.4,68,
LN.SUZ,20120109,20120826,-17.5,3.2,32,
LN.SUZ,20130128,20231231,1.2,0.7,573,
LN.TIL,20070801,20231231,-1.1,1,804,
LN.WFD,20070801,20101223,-6.7,1.1,208,
LN.WFD,20101225,20231231,-1.5,0.7,608,
LN.XFN,20070801,20231231,-2.1,0.5,956,
LN.XMN,20070801,20231231,-0.5,0.6,974,
LN.XYN,20070801,20090802,4.2,1.2,153,
LN.XYN,20090810,20130216,-19.4,1.1,218,
LN.XYN,20130310,20231231,-0.4,0.6,647,
LN.YKO,20070801,20101213,-0.7,0.9,240,E_N
LN.YKO,20101220,20231231,0.7,0.6,704,
NM.AGL,20070801,20231231,2.5,0.7,804,
NM.ARS,20070801,20110816,-7.4,0.9,227,
NM.ARS,20111013,20121102,82.3,1.4,55,
NM.ARS,20121111,20210818,-1.9,0.7,419,
NM.ARS,20210924,20230108,11.9,1.8,68,
NM.ARS,20230115,20231231,-2.1,1.7,61,
NM.BAC,20070801,20120206,7.6,1.3,289,
NM.BAC,20120303,20160824,1.1,2.4,240,
NM.BAC,20160905,20231231,2.1,0.9,410,
NM.BGL,20141107,20150612,-10.4,3,31,
NM.BGL,20151104,20231231,1.4,0.8,370,
NM.BHS,20070801,20190929,-1.8,1,515,
NM.BHS,20191016,20191215,-48.4,2,13,
NM.BHS,20191225,20211125,-12.7,2.3,83,
NM.BHS,20211204,20231231,-0.5,4.1,84,
NM.BLM,20070912,20231231,0.2,0.5,874,
NM.BTO,20070817,20080627,-5.7,4.2,36,E_N
NM.BTO,20140101,20231231,-1.5,0.6,543,
NM.BYT,20070801,20231231,1,1,812,
NM.CEK,20141115,20150522,16.1,1.6,16,
NM.CEK,20150623,20151109,-36.8,3.8,15,
NM.CEK,20170119,20180405,-99.5,1.7,58,
NM.CEK,20190619,20231203,-61.1,1.2,234,
NM.CHF,20070801,20231231,-0.9,0.6,946,
NM.CHR,20071122,20100609,10,1.4,160,
NM.CHR,20100710,20110725,-2.3,6.4,22,
NM.CHR,20120623,20130707,-14.9,2.2,38,
NM.CHR,20130830,20231231,3.4,1,438,
NM.CSQ,20070801,20231231,-1.8,0.8,842,
NM.DQL,20141107,20180415,-0.3,1.8,81,
NM.DQL,20180504,20190824,-7,1.4,76,
NM.DQL,20190925,20231231,-0.4,1,242,
NM.DSH,20070801,20080303,52.5,1.5,53,
NM.DSH,20080320,20080628,-10.3,5.3,22,
NM.DSH,20090115,20090415,-67.2,5.6,13,
NM.DSH,20140101,20210218,-7.3,3.6,243,
NM.DSH,20210303,20231231,-2.4,2.3,111,
NM.DSM,20070801,20231231,-2.5,0.6,896,
NM.EKH,20141107,20231231,-0.1,0.9,399,
NM.GNH,20070801,20121030,-96.1,0.9,326,
NM.GNH,20121111,20231231,-0.5,0.7,558,
NM.HHC,20080519,20231231,-0.9,0.6,862,
NM.HJN,20141121,20220701,-133.1,0.9,233,
NM.HJN,20220727,20230726,55.6,1.7,42,
NM.HLG,20070801,20071031,10.1,3.5,32,
NM.HLG,20071119,20120903,-10.5,1,312,
NM.HLG,20120905,20231231,-2.5,0.7,633,
NM.HLH,20070801,20130707,-9.1,1.5,240,
NM.HLH,20130830,20150524,0.7,4,51,
NM.HLH,20150701,20200127,-9.4,1.9,152,
NM.HLH,20200209,20231231,-1.8,4.4,174,
NM.HLR,20090328,20120610,87,2,119,
NM.HLR,20130105,20130812,-144.8,5,29,
NM.HLR,20130830,20231231,-1.5,0.8,515,
NM.IDR,20070801,20100722,-12.8,1.6,173,
NM.IDR,20100803,20120728,-42.2,1.6,77,
NM.IDR,20120826,20121111,-26.1,6.7,10,
NM.IDR,20121210,20130726,1.2,3.2,18,
NM.IDR,20130915,20200825,-23,1,271,
NM.IDR,20201001,20231231,-1.9,1.2,167,
NM.JIN,20070801,20120914,-6.8,1.3,302,
NM.JIN,20121012,20231231,2.9,1,550,
NM.JIP,20070801,20080626,2.1,6.3,77,
NM.JIP,20080804,20190829,2.2,0.6,589,
NM.JIP,20190925,20191202,-170.8,1.9,14,
NM.JIP,20191214,20200706,67.2,2.7,31,
NM.JIP,20200717,20231231,1.3,1.1,184,
NM.LCH,20070801,20081206,-41.7,1.9,106,
NM.LCH,20081225,20110423,-68.4,2.1,113,
NM.LCH,20110510,20120810,-48,2.3,63,
NM.LCH,20120914,20200604,4.7,1.1,412,
NM.LCH,20200623,20210114,33.8,5.6,22,
NM.LCH,20210121,20231231,5,1.7,156,
NM.LIX,20070901,20121221,11.7,1.9,223,
NM.LIX,20130105,20140917,7.2,5.4,92,
NM.LIX,20141107,20191016,8.7,1.3,270,
NM.LIX,20191029,20200706,72.9,4.4,23,
NM.LIX,20200717,20210419,3.6,6.3,40,
NM.LIX,20211114,20220313,1.2,8.3,17,
NM.LIX,20220330,20220604,27.7,7.1,13,
NM.LIX,20220621,20220923,2.1,3.8,14,
NM.LIX,20230105,20231231,2,2.8,67,
NM.LUB,20070801,20231231,-2.6,1,620,
NM.MDG,20070801,20080529,-62.7,5.2,21,
NM.MDG,20080628,20121102,-46.3,1.4,220,
NM.MDG,20121111,20231231,-1.6,1.1,504,
NM.MDL,20141107,20231231,1.1,0.9,361,
NM.MDT,20141107,20190829,-1.1,1.4,159,
NM.MDT,20190929,20200706,-170.2,2.9,30,
NM.MDT,20200717,20210514,-2.6,2.5,27,
NM.MDT,20210708,20211130,106.4,3.2,15,
NM.MDT,20211204,20231231,-4.5,1.5,95,
NM.MZL,20070801,20091108,-0.6,2.2,127,
NM.MZL,20091117,20121112,-13.7,1.8,132,
NM.MZL,20121210,20210818,2.6,1.8,367,
NM.MZL,20210924,20231110,-15.5,1.9,105,
NM.NIC,20070801,20130216,-9.2,1.2,314,
NM.NIC,20130406,20231231,0.4,1,525,
NM.NJT,20070801,20231231,-1.5,0.8,865,
NM.QSH,20070801,20120831,-29.1,0.6,347,
NM.QSH,20120903,20231231,-2.1,0.6,617,
NM.RLT,20070801,20210723,2.2,0.8,734,
NM.RLT,20210729,20231110,-72.1,1.2,115,
NM.RLT,20231114,20231231,5.9,1,14,
NM.TIS,20070801,20231231,-1.1,0.8,711,
NM.WJH,20070801,20231231,-3.2,0.7,864,
NM.WLH,20070801,20231231,1.9,0.7,920,
NM.WLJ,20141107,20151014,-10.4,2.1,46,
NM.WLJ,20160124,20231231,-1.1,0.8,416,
NM.WLT,20070801,20121202,-7.4,0.8,350,
NM.WLT,20121210,20180509,1.3,0.9,284,
NM.WLT,20180621,20201229,-87.7,1.3,155,
NM.WLT,20210103,20231231,0.8,1.8,169,
NM.WLY,20141028,20150815,-11.7,3.1,30,
NM.WLY,20160124,20191031,-3.9,1.3,170,
NM.WLY,20191114,20211125,16.7,2.1,91,
NM.WLY,20211214,20231231,-2.8,2,115,
NM.WUH,20070801,20231231,0.3,0.5,955,
NM.XIH,20070801,20080819,146.1,2.1,70,
NM.XIH,20080825,20121202,-151.5,0.8,235,
NM.XIH,20121214,20231231,0.2,0.7,564,
NM.XIQ,20080819,20090406,108,4.1,30,
NM.XIQ,20090715,20100702,-57,2.5,54,
NM.XIQ,20100710,20190829,0.4,1,429,
NM.XIQ,20190925,20211012,-20.2,2.4,84,
NM.XIQ,20211101,20231231,-2,1.5,113,
NM.XLT,20090306,20120914,6.4,0.9,207,
NM.XLT,20120926,20231231,2.2,0.6,606,
NM.XSZ,20070801,20120802,-163.6,1.5,325,
NM.XSZ,20130830,20231231,-4.6,1.2,522,
NM.ZLT,20070801,20130801,-9.8,1.3,305,
NM.ZLT,20130812,20231231,2.2,0.8,567,
NX.GYU,20070801,20231231,3.4,1.1,884,
NX.HYU,20090103,20130301,15.8,2.7,258,
NX.HYU,20130324,20231231,14.6,2.4,526,
NX.JYU,20080908,20231231,2.6,1.1,809,
NX.LWU,20070903,20181205,32.5,4.5,45,
NX.NSS,20070801,20220711,5.5,0.9,835,
NX.NSS,20220823,20231127,14.4,3.3,71,
NX.SZS,20070801,20120903,5.1,1.4,338,
NX.SZS,20121221,20231231,2.9,1.1,569,
NX.TLE,20070801,20130707,3.8,2.1,229,
NX.TLE,20130830,20181205,-13.2,6.6,115,
NX.TLE,20190115,20200728,-133.8,9.1,10,
NX.TSH,20141126,20211229,1.5,1.1,339,
NX.TSH,20220111,20231231,-8.7,2.2,94,
NX.TXN,20080520,20231231,2.5,1,768,
NX.XJI,20070801,20211214,3.3,0.9,799,
NX.XJI,20211229,20220505,-156.7,8.7,12,
NX.XJI,20220509,20231231,4.2,3.4,86,
NX.XSH,20070801,20130310,-27,1.5,332,
NX.XSH,20130324,20131217,4.4,6,36,
NX.XSH,20140101,20161229,9.4,2,133,
NX.XSH,20170103,20181229,3.9,3.1,100,
NX.XSH,20190106,20231231,9.7,1.8,236,
NX.YCH,20080220,20231231,0.8,0.8,885,
NX.YCI,20070801,20231231,-1.1,0.7,783,
NX.ZHW,20070801,20130324,-11,1.9,363,
NX.ZHW,20130406,20191215,-7.1,1.7,356,
NX.ZHW,20200107,20211214,-3,4,84,
NX.ZHW,20211229,20231122,24.1,3.6,97,
NX.ZHW,20231124,20231231,-4.3,6.1,11,
QH.BAM,20070801,20231231,-5.8,1.1,776,
QH.DAR,20141107,20160923,-3.1,1.8,101,
QH.DAR,20161030,20171212,-12.1,3,63,
QH.DAR,20180123,20231231,-3.9,1.2,342,
QH.DAT,20070801,20231231,-3.8,0.9,897,
QH.DAW,20070801,20160607,4.8,1.1,565,
QH.DAW,20160609,20211002,23.3,1.6,292,
QH.DAW,20211012,20231231,7,2.6,126,
QH.DCD,20070801,20231231,-15.6,2,749,
QH.DLH,20070801,20231231,-9.7,0.9,976,
QH.DUL,20070801,20231231,2.9,0.8,995,
QH.GOM,20080519,20231231,3.4,1.2,897,
QH.HEN,20141113,20231231,-2,1.1,464,
QH.HTG,20080519,20220116,5,1.1,718,
QH.HTG,20220121,20231114,-175.8,3,83,
QH.HTG,20231117,20231231,5.9,4.6,11,
QH.HUL,20070801,20231231,1.3,0.8,968,
QH.HUY,20070801,20231231,-0.2,0.5,1034,
QH.JIZ,20141126,20231231,0.5,0.9,454,
QH.LED,20070801,20090316,-153.9,1.3,134,
QH.LED,20090328,20231231,-0.1,0.6,905,
QH.LEH,20070801,20231231,-7.8,1,900,
QH.LJS,20070801,20231231,-0.1,0.7,932,
QH.LJX,20070901,20231231,-3.9,0.6,896,
QH.LWS,20070801,20231231,-1.7,0.9,894,
QH.LYX,20070901,20160428,-2.1,1.5,515,
QH.LYX,20160601,20231231,-1,0.9,421,
QH.MAD,20070801,20231231,-4.2,0.7,1014,
QH.MEY,20070801,20231231,-5.6,0.5,1048,
QH.MIH,20070801,20231231,1.1,0.8,944,
QH.NAQ,20141126,20231231,4.2,2.3,449,
QH.NMH,20141126,20231231,8.6,1.5,470,
QH.QIL,20070801,20121116,12.6,2.6,367,
QH.QIL,20130519,20231231,10.4,2.2,579,
QH.QML,20070801,20130726,5.7,1,377,
QH.QML,20130830,20201117,-174,0.9,404,
QH.QML,20201220,20231231,2.9,1.5,163,
QH.QSH,20141126,20231231,-1.4,0.7,466,
QH.QSS,20070801,20231231,-5.2,0.9,911,
QH.TIJ,20070801,20231231,-2.6,0.6,1035,
QH.TOR,20070801,20231231,1.8,1.1,878,
QH.TTH,20070808,20110622,-4.4,5.7,35,E_N
QH.TTH,20111114,20231231,-10.8,1.6,585,
QH.WTM,20141126,20231231,5,1.3,472,
QH.WUL,20141126,20231231,2,0.9,429,
QH.XIH,20070801,20231231,5.4,1.2,904,
QH.XIN,20070801,20231231,2.8,0.9,970,
QH.XUH,20070901,20231231,-1.1,0.8,833,
QH.YUS,20070801,20110916,1.8,1.8,317,E_N
QH.YUS,20111013,20231231,4.6,1.5,689,
QH.ZAD,20070801,20231231,-0.7,0.8,940,
SC.AXI,20070801,20231231,-1.2,0.5,918,
SC.AYU,20101213,20231231,1.4,0.6,698,
SC.BAX,20101213,20231231,4.1,1.2,706,
SC.BTA,20070801,20231231,6.3,0.9,970,
SC.BYD,20070901,20231231,-1,0.8,721,
SC.BZH,20070801,20231231,-3.7,0.8,750,
SC.CD2,20080520,20231231,-2.9,0.8,562,
SC.CXI,20101221,20231231,-0.9,1,567,
SC.DFU,20070801,20231231,-3.1,1.1,937,
SC.EMS,20070801,20231231,4.8,0.9,915,
SC.GZA,20070801,20231231,-3.7,1.1,994,
SC.GZI,20070801,20231231,-0.7,1.1,893,
SC.HLI,20070801,20121028,25.5,1.8,308,
SC.HLI,20121112,20231231,4.2,1.4,488,
SC.HMS,20070801,20231231,-0.3,0.6,919,
SC.HSH,20070801,20121119,8.9,1.7,363,
SC.HSH,20121202,20231231,3.4,1.5,580,
SC.HWS,20070801,20231231,0.2,0.7,840,
SC.HYS,20070801,20231231,-1.4,0.7,916,
SC.HYU,20101213,20231231,-4.8,0.9,597,
SC.JCH,20150901,20200825,-0.6,1.1,262,
SC.JJS,20070801,20100730,-7.7,1,169,
SC.JJS,20100803,20190412,1.3,0.7,425,
SC.JJS,20190429,20231231,4.1,2.8,215,
SC.JLI,20070801,20180126,1.2,1,647,
SC.JLI,20180211,20210218,-1.8,3.1,164,
SC.JLI,20210303,20231231,-12,8.3,127,
SC.JLO,20070801,20130812,5.9,0.8,410,
SC.JLO,20130830,20231231,-0.7,0.8,486,
SC.JMG,20070801,20121030,6.4,0.7,348,
SC.JMG,20121116,20231231,-2.8,0.7,525,
SC.JYA,20070801,20130812,-5.6,0.8,339,
SC.JYA,20130830,20190804,0.1,0.8,309,
SC.JYA,20190924,20210824,-9.1,2,91,
SC.JYA,20210920,20231231,-0.5,1.1,102,
SC.JZG,20101213,20231231,-1.2,1.1,628,
SC.LBO,20070801,20231231,2.5,0.6,925,
SC.LGH,20070801,20130228,-10.6,1.8,249,
SC.LGH,20130401,20231231,-4.5,1.5,418,
SC.LTA,20070801,20231231,2,0.6,954,
SC.LZH,20110127,20131201,57.1,0.8,179,
SC.LZH,20140207,20150422,116.2,1.7,57,
SC.LZH,20150430,20150707,33.7,1.5,12,
SC.LZH,20150718,20210320,129.5,1,278,
SC.LZH,20210410,20231231,0.7,1.2,124,
SC.MBI,20070801,20231231,3.8,0.8,914,
SC.MDS,20070801,20231231,3.6,0.9,843,
SC.MEK,20070801,20121102,-10.8,1.6,390,
SC.MEK,20121112,20231231,-2.7,1.3,613,
SC.MGU,20070815,20200621,0.7,0.7,694,
SC.MGU,20200623,20220701,-180,2.4,92,
SC.MGU,20220814,20231231,0.6,2.4,66,
SC.MLI,20070801,20121221,-7.6,1,307,
SC.MLI,20130105,20171212,-2.5,1.5,222,
SC.MLI,20180123,20231231,-7.6,1.3,282,
SC.MNI,20070901,20231231,-1.8,0.7,788,
SC.MXI,20070801,20100109,7.6,2.3,173,
SC.MXI,20110505,20231231,-2.2,1,685,
SC.NXI,20150901,20201229,-0.3,1.5,155,
SC.PGE,20070801,20231231,2.6,1,880,
SC.PWU,20070801,20231231,0.6,1.1,968,
SC.PZH,20080520,20231231,-3.2,0.8,905,
SC.QCH,20070801,20231231,-5.4,1.2,948,
SC.REG,20070801,20231231,-8.1,1.1,949,
SC.RTA,20070801,20231231,0.5,0.7,909,
SC.SMI,20070801,20110413,11.8,4,292,
SC.SMI,20110423,20231231,3.8,0.9,720,
SC.SMK,20070901,20231231,3.4,1.3,717,
SC.SPA,20070801,20231231,-1.9,0.7,717,
SC.TQU,20101220,20231231,3,1.7,598,
SC.WCA,20101213,20230524,-1.2,0.7,617,
SC.WCH,20070801,20231231,-0.4,0.8,983,
SC.XCE,20070801,20130707,-9.3,1.2,388,
SC.XCE,20130812,20231231,1.4,1,517,
SC.XCO,20070801,20130105,12.5,0.9,356,
SC.XCO,20130130,20231231,-0.5,0.8,543,
SC.XHA,20070801,20231231,-1.7,0.7,840,
SC.XJI,20070801,20231231,4.3,1,968,
SC.XSB,20070901,20231231,-0.3,0.6,914,
SC.XWE,20150901,20201220,6.4,3.3,258,
SC.YGD,20070801,20231231,1.7,0.6,842,
SC.YJI,20070801,20231231,-2.1,0.6,990,
SC.YTI,20101213,20231231,-2.6,0.6,672,
SC.YYC,20070801,20231231,0.1,0.9,750,
SC.YYU,20070801,20231231,-0.2,0.5,920,
SC.YZP,20070801,20231231,1.9,0.8,649,
SC.ZDU,20150901,20201229,-1,1.6,168,
SC.ZJG,20070801,20231231,-3.4,0.8,833,
SC.ZJP,20150901,20201229,154.9,1.3,246,
SD.ANQ,20070901,20231231,0,0.8,873,
SD.BHC,20070801,20130605,-11.7,1.1,302,
SD.BHC,20130613,20231231,-0.9,0.8,460,
SD.CHD,20070801,20100626,55.5,1.1,220,
SD.CHD,20100722,20130605,-36.9,1.6,153,
SD.CHD,20130613,20231231,-0.1,1,537,
SD.CLDT,20141126,20230520,-1.8,1.8,168,
SD.CSH,20070801,20231231,-4.3,0.5,1003,
SD.DSD,20070801,20231231,-4.4,0.8,883,
SD.DSH,20090830,20231231,-1,2.7,132,
SD.HAY,20070801,20231231,0.6,0.6,848,
SD.JIX,20070801,20231231,1.3,0.7,814,
SD.JUN,20070801,20231231,-1.2,0.5,960,
SD.JUX,20070801,20150729,-1.2,0.8,481,
SD.JUX,20150810,20160101,-179.1,1.4,14,
SD.JUX,20160124,20231231,-1.1,0.8,414,
SD.LAY,20070801,20231231,-1.9,0.6,953,
SD.LIS,20070801,20231231,-1.6,0.5,791,
SD.LOK,20070801,20231231,-0.2,0.5,910,
SD.LQU,20070801,20200915,-0.4,0.7,643,
SD.LSH,20070801,20071002,0.1,2.7,23,
SD.LSH,20081019,20231231,-0.1,0.5,846,
SD.LZH,20070801,20220331,-0.6,0.6,754,
SD.LZH,20220409,20230302,-28.4,3.4,34,
SD.LZH,20230304,20231231,0.1,2.1,45,
SD.NLA,20070801,20180509,-2.8,0.8,612,
SD.NLA,20180621,20200805,-6.1,4.9,137,
SD.NLA,20200812,20210710,120.8,4.2,50,
SD.NLA,20210726,20231231,-12.7,4,136,
SD.QID,20070801,20180415,-4.5,2.6,547,
SD.QID,20180504,20231231,1,1.7,244,
SD.RCH,20070801,20081231,-2.4,5,115,
SD.RCH,20090101,20231231,-0.5,0.5,888,
SD.RSH,20070801,20231231,-0.4,0.5,930,
SD.RZH,20070801,20231231,-4.1,0.6,967,
SD.TCH,20070801,20231231,0,0.6,872,
SD.TIA,20080519,20130523,-6.6,1.1,336,
SD.TIA,20130605,20231231,-0.9,0.8,599,
SD.WED,20070801,20231231,-2,0.7,873,
SD.WUL,20070801,20210818,-1.1,0.6,838,
SD.WUL,20210924,20231231,10.6,1.3,123,
SD.XIT,20070801,20160609,-2.4,1.1,452,
SD.XIT,20160725,20231231,-4.8,1.1,362,
SD.YSH,20070801,20231231,-2.6,0.9,945,
SD.YTA,20070801,20110310,-5,1.1,204,E_N
SD.YTA,20110403,20231231,-1.1,0.6,680,
SD.ZCH,20070801,20130615,-5.7,0.7,400,
SD.ZCH,20130616,20211101,-1.3,0.7,392,
SD.ZCH,20211106,20230402,62.3,1.2,69,
SD.ZCH,20230403,20231231,1.6,3.3,44,
SD.ZHCT,20141126,20180504,0.4,2.4,81,
SD.ZHCT,20180621,20200506,-9.6,1.9,78,
SD.ZHCT,20200512,20231231,-2.7,1.4,124,
SH.DYS,20070801,20131201,3.3,3.6,282,
SH.DYS,20140101,20231231,-1.2,1,472,
SH.HUH,20070901,20080520,-3.4,1.9,59,
SH.HUH,20090830,20160620,-0.3,0.8,386,
SH.HUH,20160621,20161101,17.4,4.4,17,
SH.HUH,20161113,20231231,-0.7,0.8,380,
SH.QHS,20070801,20130128,-8.8,1.1,237,
SH.QHS,20130214,20231231,3,0.6,548,
SH.SSE,20080719,20090602,-12,2.6,47,E_N
SH.SSE,20090623,20231231,1.8,0.7,728,
SH.TMS,20070801,20160630,-0.4,0.6,458,
SH.TMS,20160710,20170224,-20.7,2.9,32,
SH.TMS,20170304,20231231,3.2,0.8,350,
SH.TPS,20070901,20160621,-1.9,0.8,526,
SH.TPS,20160626,20171212,-18.7,3.2,72,
SH.TPS,20180123,20231231,-2.8,1.1,318,
SH.XKS,20071119,20101025,-1,1.4,95,
SH.XKS,20110109,20210803,0.5,0.8,445,
SH.XKS,20210814,20220910,-165.2,2.1,46,
SH.XKS,20220923,20230403,-175.1,3.4,12,
SH.XKS,20230424,20231231,-9.9,3.9,12,
SN.ANKG,20070801,20071031,-0.1,3.7,32,
SN.ANKG,20080519,20111214,0.8,2.3,183,
SN.ANKG,20120109,20120406,-57,3.8,10,
SN.ANKG,20130105,20231231,3.7,1.5,562,
SN.BAD,20150123,20231231,4,1.1,445,
SN.DBT,20141126,20180810,-26.6,1.4,151,
SN.DBT,20180928,20200127,2.2,1.9,77,
SN.FUPI,20080224,20231231,-2.4,0.8,688,
SN.HEYT,20070801,20231231,-1.6,0.8,790,
SN.HSH,20141126,20211018,-10,1.2,312,
SN.HSH,20211101,20231231,-2,1.7,102,
SN.HUAX,20070801,20090820,-2.4,2.1,119,
SN.HUAX,20090902,20111013,-10.1,1.8,125,
SN.HUAX,20111014,20231231,-0.6,1.1,561,
SN.HUYT,20070801,20231231,3.1,1,821,
SN.HZHG,20070801,20130324,-9,1.1,368,
SN.HZHG,20130406,20231231,-0.6,0.9,578,
SN.HZHT,20070801,20231231,-2.3,0.6,944,
SN.JYAT,20070801,20231231,0.2,0.5,895,
SN.LANT,20090115,20231231,0.9,0.9,589,
SN.LINT,20080908,20090122,-94,5.9,22,
SN.LINT,20110109,20121020,-7.5,2.1,75,
SN.LINT,20121028,20181224,-2,1.1,274,
SN.LINT,20181229,20230524,-10.3,1.2,161,
SN.LINT,20230619,20231231,-2.5,3.7,30,
SN.LIYO,20070801,20231231,2.8,0.8,805,
SN.LOXT,20070801,20121221,13.8,1.6,351,
SN.LOXT,20130105,20231231,6.7,1.3,578,
SN.LUYA,20070801,20231231,2.7,0.8,924,
SN.MEIX,20070801,20231231,-0.4,0.7,870,
SN.MIAX,20070801,20231231,-0.6,0.6,892,
SN.NSHT,20070801,20091214,-5.1,4.9,158,
SN.NSHT,20100201,20111214,-7.2,2.1,110,
SN.NSHT,20120109,20231231,1.9,0.9,633,
SN.PCHT,20070801,20090810,-2,1.5,134,
SN.PCHT,20100702,20231231,3.4,0.7,724,
SN.QLIT,20070801,20100810,2,1.4,204,
SN.QLIT,20100908,20120826,1.9,1.2,98,N_-N
SN.QLIT,20120830,20150529,0.9,1.1,167,
SN.QLIT,20160725,20231231,1.2,0.7,407,
SN.SHAZ,20070801,20231231,-3.4,0.7,905,
SN.SHNA,20070801,20231231,-2.1,0.7,802,
SN.SUDE,20070801,20120205,-13.2,1.5,272,
SN.SUDE,20120214,20231231,-3.9,1.1,621,
SN.TABT,20070801,20130105,-9.7,1.3,308,
SN.TABT,20130130,20231231,-3.1,1,538,
SN.TOCH,20070801,20231231,0.5,0.6,831,
SN.XAN,20080525,20231231,2.7,0.8,721,
SN.XIXI,20070801,20080303,-1.4,7.5,65,
SN.XIXI,20080312,20191021,-0.6,0.5,677,
SN.XIXI,20191029,20230619,-9.3,0.8,199,
SN.XIXI,20230702,20231231,-0.3,1.6,34,
SN.YAAN,20070801,20231231,-1.6,0.5,906,
SN.YULG,20070801,20100616,1.3,1.3,151,E_N
SN.YULG,20100710,20130521,-7.7,1.2,161,
SN.YULG,20130613,20231231,-1.1,0.6,525,
SN.ZOZT,20070801,20231231,2.5,0.7,788,
SX.ANZ,20070801,20121221,-6.6,0.9,339,
SX.ANZ,20130105,20181201,-1.9,1.1,315,
SX.ANZ,20181220,20191114,-18.2,2.2,52,
SX.ANZ,20191123,20231231,-0.6,1.3,211,
SX.BOD,20070801,20100430,3.2,2,168,
SX.BOD,20100505,20130105,-8.5,1.7,107,
SX.BOD,20130130,20231231,-1.8,1.1,483,
SX.CHZ,20071127,20080312,2.9,1.5,29,
SX.CHZ,20080411,20130201,15,1,251,
SX.CHZ,20130206,20141221,2.7,1.7,92,
SX.CHZ,20150123,20180407,19.1,1.1,152,
SX.CHZ,20180504,20231231,-1.1,0.7,328,
SX.DAX,20070801,20100917,-15.5,1.1,231,
SX.DAX,20100926,20130105,-5,1.7,131,
SX.DAX,20130130,20231231,1.6,0.8,590,
SX.DOS,20070801,20100531,-8.8,1.8,171,
SX.DOS,20100609,20140619,-5.9,2.1,216,E_N
SX.DOS,20140623,20190929,-3.6,1.4,278,
SX.DOS,20191031,20200318,-45.5,4.7,22,
SX.DOS,20200325,20231231,-4.6,1.6,185,
SX.HMA,20070801,20231231,-1.9,0.8,938,
SX.HSH,20070801,20121116,-16.1,1.2,252,
SX.HSH,20121202,20141207,6.3,3.7,83,
SX.HSH,20141221,20151225,12.2,9.1,44,
SX.HSH,20160124,20231231,2.9,1.8,361,
SX.HZH,20070801,20231231,-0.7,0.7,835,
SX.JIC,20070801,20121221,-6.8,1.3,347,
SX.JIC,20130105,20231231,-2.7,1,591,
SX.KEL,20070801,20101110,-16.9,1.5,250,
SX.KEL,20101202,20231231,-4,1,701,
SX.LIC,20070801,20080428,-6.2,1.3,79,
SX.LIC,20080502,20191105,-1.3,0.6,681,
SX.LIC,20191225,20200728,-143.5,1.8,35,
SX.LIC,20200805,20231231,-0.9,1.1,174,
SX.LIF,20070801,20121202,-7.3,0.9,361,
SX.LIF,20121210,20210531,3.2,0.8,477,
SX.LIF,20210710,20231117,64.5,1.8,127,
SX.LIF,20231122,20231231,2.9,3.6,12,
SX.LIS,20070801,20150718,-2.3,0.9,530,
SX.LIS,20150810,20170612,13.8,4.7,88,
SX.LIS,20170827,20231231,-5.5,1.3,317,
SX.LNQ,20090715,20100424,-6.7,4.5,48,
SX.LNQ,20100531,20120320,-27.7,3.2,93,
SX.LNQ,20120321,20231231,-0.5,0.5,677,
SX.LOF,20070801,20231231,-2,0.7,963,
SX.NIW,20070801,20100804,-15.8,1.9,217,
SX.NIW,20100810,20121221,-5.9,2.2,124,
SX.NIW,20130105,20191029,-0.5,1.3,352,
SX.NIW,20191031,20200502,-23.4,6.3,29,
SX.NIW,20200621,20210521,147.1,3.4,43,
SX.NIW,20210708,20231231,-2.3,2.6,128,
SX.PIG,20070801,20121221,-11.9,1,339,
SX.PIG,20130105,20231231,-3.4,0.9,605,
SX.SHZ,20070912,20100430,4.2,1.4,177,E_N
SX.SHZ,20100505,20231231,0.9,1,765,
SX.SZZ,20070801,20130105,-6,0.8,352,
SX.SZZ,20130130,20190929,3.2,1.1,357,
SX.SZZ,20191016,20200412,-33.6,2.8,31,
SX.SZZ,20200425,20231231,3,1.2,177,
SX.TAG,20070801,20100816,-9.7,1.2,216,
SX.TAG,20100908,20191031,-2.1,1,456,
SX.TAG,20191104,20200621,-16.4,4.4,33,
SX.TAG,20200706,20210507,-124.3,2.2,38,
SX.TAG,20210514,20231231,-1.8,1.9,136,
SX.TIY,20080519,20130105,31.2,0.9,293,
SX.TIY,20130130,20231231,-2.4,0.7,619,
SX.XAX,20070801,20101025,56.8,1.9,199,
SX.XAX,20101110,20231231,-2,1.6,559,
SX.XAY,20070801,20141126,-3.4,1.2,396,
SX.XAY,20141207,20161125,-16.4,3.1,93,
SX.XAY,20161206,20180415,-70.2,2.4,73,
SX.XAY,20180504,20181229,173.5,3.5,51,
SX.XAY,20190115,20191031,-8.7,3.2,51,
SX.XAY,20191114,20200805,-41.7,6.5,24,
SX.XAY,20200812,20231231,7,1.9,176,
SX.XIX,20070801,20101025,18.1,1.3,226,
SX.XIX,20101202,20121221,-9.6,2.2,99,
SX.XIX,20130105,20231231,2.5,1,501,
SX.XIY,20070801,20121020,-9.4,1.6,223,
SX.XIY,20121028,20211018,-1,1.2,482,
SX.XIY,20211101,20220225,-59.3,4.1,19,
SX.XIY,20220323,20231231,-0.7,1.7,109,
SX.YAC,20070801,20100820,-5.2,1.1,246,
SX.YAC,20100908,20191126,177.6,1,524,
SX.YAC,20191214,20200728,-157.6,3.3,35,
SX.YAC,20200805,20231231,2.1,1.2,180,
SX.YAY,20070801,20231231,1.9,0.5,874,
SX.YJI,20070801,20101025,57.4,1.7,174,
SX.YJI,20101110,20231231,1.3,1.7,527,
SX.YMG,20070801,20190829,-0.6,1.2,626,
SX.YMG,20190925,20200405,-27,3.8,31,
SX.YMG,20200412,20231231,2.3,2,156,
SX.YUY,20070801,20231231,-0.5,0.7,899,
SX.ZCH,20070801,20231231,2.1,0.8,811,
SX.ZOQ,20070801,20100710,31.2,1.6,224,
SX.ZOQ,20100720,20191031,-1.7,0.8,527,
SX.ZOQ,20191114,20200604,-17.7,3,29,
SX.ZOQ,20200728,20210425,-75.2,4.6,34,
SX.ZOQ,20210531,20230419,-13.2,1.4,102,
SX.ZOQ,20230422,20231231,0.2,1.7,49,
TJ.BAD,20150703,20200604,-6.8,1.2,245,
TJ.BAD,20200706,20210419,8.5,6.2,19,
TJ.BAD,20210603,20231231,93.2,1.7,138,
TJ.JIX,20070801,20231231,-0.6,0.8,825,
TJ.YGZ,20071004,20190412,112.9,0.7,624,
TJ.YGZ,20200118,20231231,-111.2,1.6,168,
XJ.AHQ,20070912,20121217,13.9,2.1,323,
XJ.AHQ,20130105,20231231,7.3,1.9,496,
XJ.AKS,20070912,20231231,-2.9,0.6,880,
XJ.ALS,20070912,20140810,-1,1.1,405,
XJ.ALS,20140917,20231231,-7.2,1.2,427,
XJ.ALT,20070912,20090328,-3.9,2.7,100,
XJ.ALT,20090401,20101008,-22,2.6,103,
XJ.ALT,20101025,20231231,-4.8,1,644,
XJ.ATS,20070912,20121119,8.2,2.5,175,
XJ.ATS,20121207,20231231,3,2.2,261,
XJ.BAC,20070912,20130915,6.9,1,307,
XJ.BAC,20131004,20231231,0.4,1.5,366,
XJ.BCH,20070912,20170706,0,0.5,533,
XJ.BCH,20190523,20231231,-0.3,0.6,236,
XJ.BKO,20070801,20231231,0.8,0.6,1002,
XJ.BLT,20080320,20231231,-1,0.8,612,
XJ.BPM,20070912,20231231,-4.3,0.9,685,
XJ.BTS,20070801,20120831,8.4,1.1,297,
XJ.BTS,20120903,20231231,-3.5,0.9,552,
XJ.CBC,20070901,20121017,15.6,1.6,302,
XJ.CBC,20121028,20231231,7.7,1.5,458,
XJ.FUH,20070801,20231231,1.3,1,749,
XJ.FUY,20070912,20120908,10.4,1.2,341,
XJ.FUY,20120914,20231231,0.6,0.9,594,
XJ.GAZ,20070801,20231231,-0.8,0.8,807,
XJ.HBH,20070801,20121017,-22.7,1.8,337,
XJ.HBH,20121028,20231231,-9,1.6,506,
XJ.HEF,20070801,20181201,2,1.2,597,
XJ.HEF,20181220,20191225,178.4,2,55,
XJ.HEF,20200107,20231231,-0.6,1.1,180,
XJ.HTA,20080507,20231231,4.8,1,356,
XJ.HTB,20070912,20231003,5.7,3.9,65,
XJ.HTTZ0,20080104,20140302,15.2,1.1,257,
XJ.HTTZ0,20140311,20231231,1.7,1,382,
XJ.HYS,20070912,20231231,-4.6,1.7,400,
XJ.JHE,20070912,20100626,6.6,2.7,188,
XJ.JHE,20100704,20130812,13,2,178,
XJ.JHE,20130830,20231231,2.2,1.4,439,
XJ.KMS,20070801,20231231,0.9,0.8,834,
XJ.KMY,20070912,20080628,2.5,2.2,40,
XJ.KMY,20080713,20090407,-90.7,2.2,38,
XJ.KMY,20090421,20120708,-1.3,1,211,
XJ.KMY,20120720,20120926,-20.4,4.4,16,
XJ.KMY,20121001,20231231,-0.3,0.8,580,
XJ.KNS,20141126,20151220,-12.3,5.1,48,
XJ.KNS,20160125,20231231,-8.4,2.5,301,
XJ.KOL,20080423,20231231,-10.6,1.5,732,
XJ.KSH,20080507,20121001,17.8,2.6,192,
XJ.KSH,20121008,20231231,7.4,2.3,368,
XJ.KSZ,20070912,20120421,10.2,1.9,189,
XJ.KSZ,20120520,20231231,3.4,1.5,379,
XJ.KUC,20070912,20231231,-0.9,0.8,697,
XJ.LHG,20070801,20101025,10.1,3.5,125,
XJ.LHG,20101130,20231231,0.1,2.1,336,
XJ.LSG,20070801,20120914,10,1,268,
XJ.LSG,20120926,20231231,1,0.8,457,
XJ.LTA,20080529,20231231,-0.9,1.4,300,
XJ.MIF,20141126,20231231,18.7,2.3,322,
XJ.MUL,20070801,20101025,2.9,3.2,21,
XJ.MUL,20101130,20110819,9.8,2.5,50,
XJ.MUL,20110902,20130228,3.6,3.5,64,
XJ.MUL,20130401,20231231,7.5,1.6,338,
XJ.QHE,20070801,20231231,-6.9,1.1,794,
XJ.QMO,20080713,20231231,23.8,1.2,783,
XJ.RGN,20070801,20130419,47.3,3,249,
XJ.RGN,20130602,20231231,-7.6,2.3,265,
XJ.RUQ,20080708,20111214,15.7,2.1,185,
XJ.RUQ,20120101,20231231,9.4,1.4,565,
XJ.SCH,20070912,20231231,2,3,227,
XJ.SHZ,20070801,20130228,18.2,3.5,79,
XJ.SHZ,20130419,20231231,4.6,3.1,75,
XJ.SMY,20070912,20130904,19,1.2,271,
XJ.SMY,20130915,20231231,1.5,0.9,378,
XJ.SSH,20141126,20231231,10.3,0.9,392,
XJ.SSL,20141126,20231231,45.7,3.8,237,
XJ.STZ,20070801,20231231,3.3,1.8,385,
XJ.TAC,20070801,20101025,179,1.2,207,
XJ.TAC,20101130,20231231,-1.6,0.7,619,
XJ.TAG,20090103,20131217,-12.3,1.3,273,
XJ.TAG,20140302,20231231,2.4,1.1,423,
XJ.TAZ,20150430,20231231,-0.1,2.1,70,
XJ.TCH,20070801,20231231,-1.5,1.3,795,
XJ.WCW,20070801,20231231,1.6,1.2,408,
XJ.WMQ,20080423,20231231,-3.2,1.3,743,
XJ.WNQ,20070912,20231231,3,1.1,852,
XJ.WSC,20070802,20231231,14.5,2,706,
XJ.WSU,20070802,20231231,7.5,2.9,216,
XJ.WSX,20150306,20231203,13.8,2.3,18,
XJ.WUQ,20070912,20231231,2.4,1.9,606,
XJ.WUS,20080423,20231231,-1,0.9,785,
XJ.XKR,20070801,20130904,-2,1.2,247,
XJ.XKR,20131004,20220604,23.1,1,276,
XJ.XKR,20220727,20231231,-5.5,2.3,51,
XJ.XNY,20070912,20231231,0.5,0.8,838,
XJ.YCH,20070801,20231231,2.9,0.9,765,
XJ.YJS,20070912,20131208,8.9,1.1,294,
XJ.YJS,20140125,20231231,3.6,1.1,381,
XJ.YMS,20080622,20120914,17,0.9,254,
XJ.YMS,20120926,20231231,0.9,0.6,588,
XJ.YUM,20141126,20231231,1.9,0.8,421,
XJ.YUT,20080708,20231231,23,2.6,671,
XJ.YWU,20141126,20231231,2.3,1.1,425,
XJ.ZSU,20070801,20211214,6.9,1.3,689,
XJ.ZSU,20211229,20220420,-166.2,5.2,15,
XJ.ZSU,20220428,20231231,14.2,4.4,73,
XZ.CAD,20090701,20231231,1.5,1,729,
XZ.CHY,20070912,20081107,-3.7,1.4,82,
XZ.CHY,20091128,20140704,-3.9,1,265,
XZ.CHY,20150510,20150924,-4.9,3.3,19,
XZ.CHY,20160601,20170428,-3.7,2.4,46,
XZ.CHY,20190126,20231231,-5.6,1.2,252,
XZ.CNA,20150416,20181229,8.3,7.4,48,
XZ.CNA,20190106,20230505,18.6,2.8,145,
XZ.CNA,20230524,20231231,75,3.3,28,
XZ.DQI,20150424,20151020,-3.9,7.7,16,
XZ.DQI,20160520,20200722,64.7,2.9,139,
XZ.DQI,20210710,20231231,-1.5,3.7,97,
XZ.DXI,20080415,20210320,5.8,0.8,668,
XZ.DXI,20211011,20231231,1.3,1.5,107,
XZ.GZE,20080911,20231231,4.1,1.7,517,
XZ.LIZ,20070912,20231231,2.1,0.5,905,
XZ.LKZ,20070912,20210924,1.7,0.5,749,
XZ.LKZ,20230611,20231231,0.1,2.5,38,
XZ.LSA,20101213,20180509,-9.4,1.1,426,
XZ.LSA,20180621,20221214,-3.5,2,214,
XZ.LSA,20230108,20231231,-12.2,3.5,63,
XZ.MZG,20071120,20180621,-4.1,1,559,
XZ.MZG,20190429,20231231,-4.8,1.9,209,
XZ.NAQ,20090602,20231231,1.6,0.6,687,
XZ.NMA,20100616,20110916,-10.3,2.9,73,
XZ.NMA,20111013,20231231,-1.4,1.4,424,
XZ.NMU,20071120,20231231,9,1.1,888,
XZ.PLA,20071120,20090817,-176.7,3.1,85,
XZ.PLA,20090930,20231231,-1.4,0.8,507,
XZ.RKZ,20070912,20231231,11.5,2,644,
XZ.RTU,20150505,20231231,5.5,1.8,213,
XZ.SNA,20071120,20140711,-178.1,1.4,415,
XZ.SNA,20140714,20231231,4,1.3,448,
XZ.SQHE,20071215,20141229,-14,1.6,376,
XZ.SQHE,20150213,20231231,-6.2,1.7,402,
XZ.SUH,20090701,20091226,6.5,8.5,32,
XZ.SUH,20100201,20111108,7.7,3.7,111,
XZ.SUH,20181220,20210213,-2.4,1.9,79,
XZ.ZBA,20150515,20211110,-1.1,2.5,129,
XZ.ZBA,20211229,20231231,-7.6,2.9,61,
XZ.ZHF,20141207,20231231,-1.6,1.5,347,
YN.BAS,20080719,20110510,-1,1.9,174,E_-E
YN.BAS,20110513,20231231,-1.1,1,692,
YN.CAY,20070801,20141011,3.4,0.9,346,
YN.CAY,20141115,20231110,-11.6,0.6,444,
YN.CAY,20231113,20231231,-0.7,3.1,10,
YN.CUX,20070801,20120708,-6.4,1.2,311,
YN.CUX,20120720,20210927,-1.8,1.1,449,
YN.CUX,20211011,20230116,-38.4,3.4,55,
YN.CUX,20230225,20231231,2.8,4.7,38,
YN.CZS,20091008,20141221,-4,1.3,184,
YN.CZS,20150416,20180821,1.9,6.5,54,
YN.CZS,20180905,20221123,-4,3.9,160,
YN.CZS,20221214,20230403,-1.1,2.4,16,
YN.DAY,20070801,20231231,2.6,1,687,
YN.DOC,20070801,20231231,-4.7,1.7,779,
YN.EYA,20070801,20080723,-4.8,3,71,
YN.EYA,20081208,20231231,-1.1,0.8,784,
YN.FUN,20070801,20220213,4.4,0.8,775,
YN.FUN,20220509,20231231,0.6,2.1,83,
YN.GEJ,20070801,20231231,0.5,0.6,843,
YN.GOS,20070801,20130613,0.7,1.3,332,
YN.GOS,20130812,20150306,-2.6,7.6,72,
YN.GOS,20150317,20231231,-3.1,1.2,435,
YN.HEQ,20070801,20110215,-7.9,5.2,95,
YN.HEQ,20110309,20231231,-0.7,1.4,451,
YN.HLT,20070801,20100411,0.1,8.8,47,
YN.HLT,20100527,20231231,3.2,1,630,
YN.HUP,20070801,20231231,2,1.4,808,
YN.JIG,20070801,20231231,1,0.7,813,
YN.JIH,20070801,20200502,-0.5,0.7,635,
YN.JIH,20200506,20230828,-10.5,1.7,112,
YN.JIP,20070801,20130511,-1,1,353,
YN.JIP,20130812,20170717,-11.4,1.6,162,
YN.JIP,20171006,20231231,0.1,1.3,253,
YN.JIS,20070801,20081107,-2.5,1.6,60,
YN.JIS,20081220,20100417,-7.7,2,54,
YN.JIS,20100616,20231231,-1.8,0.6,625,
YN.KMI,20101202,20231231,3.7,1,602,
YN.LAC,20070801,20210121,-0.9,0.7,758,
YN.LAC,20210207,20230403,-15.8,2.9,66,
YN.LAC,20230419,20231231,-1.3,3.1,38,
YN.LIC,20070801,20231231,1.9,0.8,747,
YN.LIJ,20070801,20231231,-1.6,1.4,549,
YN.LOP,20070801,20231231,2.2,0.6,652,
YN.LUQ,20071021,20120708,14.5,1.1,280,
YN.LUQ,20120720,20150317,-0.3,1.6,132,
YN.LUQ,20150329,20161121,-8.8,1.8,86,
YN.LUQ,20161208,20170515,10.3,3.7,19,
YN.LUQ,20170529,20231231,-0.1,1.3,285,
YN.LUS,20070801,20231231,-1.3,0.5,845,
YN.MAL,20070801,20231231,2.3,1.2,886,
YN.MAS,20070801,20090211,0.5,2.7,57,
YN.MAS,20101110,20231231,0.8,0.5,659,
YN.MEL,20070801,20200812,-1.9,0.6,702,
YN.MEL,20201019,20231231,-1.1,1.2,148,
YN.MIL,20070801,20110307,-10.8,2.7,155,
YN.MIL,20110309,20180621,-0.6,1.3,396,
YN.MIL,20180706,20190727,12.5,2.6,82,
YN.MIL,20190731,20231231,-2.7,1.8,201,
YN.MIZ,20091007,20230403,-0.5,1.2,467,
YN.MLA,20070801,20231231,4.4,0.8,605,
YN.MLP,20070801,20080724,-3.1,4.3,57,
YN.MLP,20080804,20101008,-12.6,3.1,98,
YN.MLP,20101202,20130301,18.9,2.4,153,
YN.MLP,20130401,20231231,-1.7,1.3,514,
YN.MZT,20091002,20230403,-0.3,1.2,677,
YN.QIJ,20070801,20231231,4.7,0.9,643,
YN.QKT,20091007,20230402,-0.5,0.8,689,
YN.RHT,20091002,20190217,-1.2,0.8,516,
YN.RHT,20190310,20190804,34.9,3,34,
YN.RHT,20190924,20230403,-1.6,1.5,155,
YN.RST,20091007,20230403,-3.1,1.1,434,
YN.SBT,20100102,20190217,-0.3,1.6,374,
YN.SBT,20190310,20190821,-65.8,3.8,35,
YN.SBT,20190924,20230403,-175,2.7,165,
YN.SIM,20070801,20130423,-9.5,1.3,201,
YN.SIM,20130511,20231231,-2.1,1,300,
YN.TNC,20070801,20231231,-0.4,1.1,876,
YN.TOH,20070801,20231231,2.6,0.6,861,
YN.TUS,20070801,20181013,4,1.2,493,
YN.TUS,20181016,20231122,21.5,1.5,265,
YN.TUS,20231124,20231231,6.8,4.5,10,
YN.WAD,20070801,20231231,0.1,0.6,892,
YN.WES,20070801,20110505,-18.6,1,219,
YN.WES,20110510,20231231,0.1,0.6,623,
YN.XHT,20091002,20190217,-2.6,0.9,507,
YN.XHT,20190310,20190924,12.8,3.3,32,
YN.XHT,20190925,20211229,-1.9,2,114,
YN.XHT,20220103,20230403,-6.3,2.6,64,
YN.XUW,20070801,20231231,7,1.3,828,
YN.YAJ,20070801,20080322,-0.5,2.3,38,
YN.YAJ,20080409,20130409,18.6,0.8,321,
YN.YAJ,20130414,20140803,1.8,1.8,69,
YN.YAJ,20140810,20141221,21.5,3.2,15,
YN.YAJ,20150216,20231231,1.9,0.8,443,
YN.YIM,20070913,20231231,0,0.9,878,
YN.YOD,20070801,20090715,12.9,2.1,124,
YN.YOD,20090802,20231231,3.6,0.8,794,
YN.YOS,20070801,20231231,1.3,0.7,958,
YN.YUJ,20070902,20231231,2.5,0.8,746,
YN.YUL,20070801,20140720,-1.6,0.7,437,
YN.YUL,20140725,20160905,-2.1,1.9,113,E_-E
YN.YUL,20160914,20231231,-2.5,0.9,397,
YN.YUM,20070902,20120802,11.6,1.8,252,
YN.YUM,20120810,20231231,3.3,1.8,565,
YN.YUX,20070801,20231231,-1.6,0.7,754,
YN.ZAT,20070801,20231231,6,1.4,626,
YN.ZHY,20141126,20231231,1.5,0.9,415,
YN.ZOD,20070801,20231231,-1.8,1.2,647,
ZJ.CHA,20070801,20120720,-20.5,0.8,322,
ZJ.CHA,20120725,20200325,0.2,0.6,428,
ZJ.CHA,20200412,20200728,-31.4,4.3,14,
ZJ.CHA,20200805,20210429,37.2,2.9,36,
ZJ.CHA,20210729,20230716,-120.4,3.7,83,
ZJ.CHA,20230726,20231231,-12.9,2.4,23,
ZJ.CHX,20070801,20160609,-1.3,0.7,513,
ZJ.CHX,20160610,20161114,15.6,2.7,22,
ZJ.CHX,20161125,20231231,-1.9,0.7,358,
ZJ.HAY,20070801,20231231,1.7,0.7,879,
ZJ.HAZ,20070801,20231231,0.6,0.7,853,
ZJ.HUZ,20070801,20231231,0.7,0.5,952,
ZJ.JAX,20070801,20100411,-31.9,1.7,163,
ZJ.JAX,20100527,20130131,-43.1,2.4,118,
ZJ.JAX,20130201,20231231,1.1,0.7,481,
ZJ.LIA,20070801,20120706,-6.8,0.7,333,
ZJ.LIA,20120720,20131201,0.1,2.2,90,
ZJ.LIA,20140101,20150430,-7.9,1.7,73,
ZJ.LIA,20150501,20150718,10,2.4,16,
ZJ.LIA,20150727,20231231,-5.5,1.1,431,
ZJ.NIB,20070801,20231231,-1.5,0.7,857,
ZJ.NIH,20070801,20130301,-29.2,0.6,325,
ZJ.NIH,20130409,20231231,1.9,0.5,539,
ZJ.NJD,20150219,20160713,-33.1,4.2,42,
ZJ.NJD,20160824,20190423,30.2,2.7,119,
ZJ.NJD,20190624,20201117,-3.7,2.6,50,
ZJ.NJD,20201201,20210514,-13,5.3,13,
ZJ.NJD,20210620,20220823,39.5,3,36,
ZJ.NJD,20220823,20231231,-24.7,2.5,58,
ZJ.QIY,20080101,20131016,2.2,0.7,353,
ZJ.QIY,20131102,20150701,-7.8,6.2,80,
ZJ.QIY,20150703,20231231,-0.4,1,410,
ZJ.SHS,20070801,20231231,-2.9,0.6,872,
ZJ.SOY,20150123,20231231,1.8,0.7,441,
ZJ.WEZ,20070801,20231231,2.6,0.4,831,
ZJ.WXJ,20070801,20130301,8.7,0.6,360,
ZJ.WXJ,20130324,20231231,0.5,0.6,564,
ZJ.XAJ,20070801,20100810,-5.4,4,67,E_N
ZJ.XAJ,20100820,20220319,0.1,0.5,602,
ZJ.XAJ,20220320,20231110,9.4,1,90,
ZJ.XIC,20070801,20130301,-15.2,1.2,309,
ZJ.XIC,20130406,20231231,-0.9,1.1,458,
ZJ.XJU,20150123,20231231,-0.7,0.7,439,
ZJ.XSH,20070801,20231231,0,0.5,910,
ZJ.YIX,20070801,20071226,-0.2,2.6,41,
ZJ.YIX,20080101,20081224,15,2.2,74,
ZJ.YIX,20090103,20130301,23.7,1.3,225,
ZJ.YIX,20130406,20231231,3.8,0.8,476,
ZJ.YOK,20080104,20090218,-7.4,1.2,91,
ZJ.YOK,20090306,20231231,-0.2,0.5,746,
ZJ.YUQ,20070801,20220621,-1.3,0.6,737,
ZJ.YUQ,20220814,20230115,-27.7,1.9,19,
ZJ.YUQ,20230206,20231231,3.2,1.3,52,
ZJ.YUY,20070801,20231231,4,0.7,891,
ZJ.ZHS,20070801,20130301,-7.5,0.7,359,
ZJ.ZHS,20130409,20231231,-0.4,0.5,576,
